Drive,Ring,Hole,Collar Error,Alignment Error,In-Hole Error,Toe Error
Drive 1,R2,H3,0.3%,1.4%,1.7%,3.4%
Drive 1,R2,H4,0.6%,1.1%,1.3%,2.9%
Drive 1,R2,H5-rev,0.5%,1.2%,1.5%,3.2%
Drive 1,R3,H5,0.5%,1.3%,1.5%,3.3%
Drive 1,R3,H4,0.7%,1.2%,1.5%,3.4%
Drive 1,R3,H3,0.7%,1.3%,1.6%,3.6%
Drive 1,R3,H2,0.6%,1.2%,1.7%,3.5%
Drive 1,R3,H1,0.6%,1.0%,1.5%,3.2%
Drive 1,R4,H5,0.5%,1.0%,1.3%,2.8%
Drive 1,R4,H2,0.8%,1.1%,1.8%,3.7%
Drive 1,R4,H1-rev,0.2%,1.2%,1.6%,3.0%
Drive 1,R4,H3,0.3%,1.2%,1.7%,3.2%
Drive 1,R4,H4,0.6%,1.2%,1.7%,3.6%
Drive 1,R5,H11,0.4%,1.2%,1.4%,2.9%
Drive 1,R5,H10,0.6%,1.2%,1.9%,3.7%
Drive 1,R5,H9,0.7%,1.3%,1.3%,3.4%
Drive 1,R5,H8,0.4%,1.4%,1.5%,3.3%
Drive 1,R5,H7,0.7%,1.3%,1.7%,3.6%
Drive 1,R5,H6,0.5%,1.2%,1.5%,3.2%
Drive 1,R5,H5,0.9%,1.3%,1.2%,3.4%
Drive 1,R5,H4,0.5%,1.2%,1.6%,3.4%
Drive 1,R5,H1,0.7%,1.1%,1.4%,3.3%
Drive 1,R5,H2,0.5%,1.2%,1.7%,3.3%
Drive 1,R5,H3,0.5%,1.1%,1.5%,3.0%
Drive 1,R6,H15,0.5%,1.2%,1.4%,3.0%
Drive 1,R6,H14,0.3%,1.1%,1.6%,3.1%
Drive 1,R6,H13,0.6%,1.1%,1.6%,3.3%
Drive 1,R6,H12,0.6%,1.1%,1.7%,3.4%
Drive 1,R6,H11,0.1%,1.2%,1.7%,3.0%
Drive 1,R6,H10,0.4%,1.3%,1.4%,3.1%
Drive 1,R6,H9,0.7%,1.2%,1.4%,3.3%
Drive 1,R6,H8,0.5%,1.3%,2.0%,3.7%
Drive 1,R6,H7,0.7%,1.2%,1.7%,3.6%
Drive 1,R6,H6,0.8%,1.4%,1.4%,3.6%
Drive 1,R6,H5,0.8%,1.1%,1.7%,3.6%
Drive 1,R6,H1,0.6%,1.4%,1.5%,3.4%
Drive 1,R6,H2,0.7%,1.3%,1.6%,3.6%
Drive 1,R6,H3,0.5%,1.2%,1.4%,3.0%
Drive 1,R6,H4,0.3%,1.3%,2.0%,3.7%
Drive 1,R7,H15,0.6%,1.1%,1.7%,3.3%
Drive 1,R7,H1,0.5%,1.3%,1.7%,3.4%
Drive 1,R7,H14,0.4%,1.1%,1.8%,3.3%
Drive 1,R7,H12,0.5%,1.3%,1.4%,3.3%
Drive 1,R7,H11,0.6%,1.2%,1.6%,3.5%
Drive 1,R7,H10,0.5%,1.1%,1.5%,3.1%
Drive 1,R7,H9,0.6%,1.2%,1.4%,3.2%
Drive 1,R7,H8,0.1%,1.1%,1.8%,3.0%
Drive 1,R7,H7,0.9%,1.3%,1.9%,4.0%
Drive 1,R7,H6,0.3%,1.1%,1.5%,3.0%
Drive 1,R7,H2,1.2%,1.1%,1.7%,4.0%
Drive 1,R7,H3,0.5%,1.1%,1.7%,3.2%
Drive 1,R7,H5,0.6%,1.1%,1.3%,3.0%
Drive 1,R7,H4,0.8%,1.3%,1.6%,3.7%
Drive 1,R8,H15,0.6%,1.3%,1.7%,3.5%
Drive 1,R8,H14,0.6%,1.2%,1.7%,3.5%
Drive 1,R8,H13,0.5%,1.1%,1.5%,3.1%
Drive 1,R8,H12,0.8%,1.3%,1.5%,3.6%
Drive 1,R8,H11,0.3%,1.3%,1.7%,3.4%
Drive 1,R8,H10,0.9%,1.3%,1.2%,3.4%
Drive 1,R8,H9,0.6%,1.2%,1.4%,3.2%
Drive 1,R8,H8,0.1%,1.5%,1.7%,3.4%
Drive 1,R8,H7,0.8%,1.2%,1.7%,3.7%
Drive 1,R8,H6,0.6%,1.2%,2.1%,3.9%
Drive 1,R8,H5,0.6%,1.1%,1.6%,3.3%
Drive 1,R8,H4,0.7%,1.1%,1.7%,3.5%
Drive 1,R8,H3,0.4%,1.2%,1.7%,3.4%
Drive 1,R8,H2,0.5%,1.3%,1.9%,3.6%
Drive 1,R8,H1,0.3%,1.2%,1.7%,3.2%
Drive 1,R9,H15,0.4%,1.2%,1.7%,3.4%
Drive 1,R9,H14,0.5%,1.3%,1.3%,3.0%
Drive 1,R9,H13,0.5%,1.2%,1.8%,3.4%
Drive 1,R9,H12,0.5%,1.3%,1.3%,3.1%
Drive 1,R9,H11,0.7%,1.1%,1.8%,3.6%
Drive 1,R9,H10,0.2%,1.3%,1.6%,3.1%
Drive 1,R9,H9,0.5%,1.2%,1.5%,3.2%
Drive 1,R9,H8-rev,0.4%,1.2%,1.4%,2.9%
Drive 1,R9,H7,0.6%,1.3%,1.6%,3.5%
Drive 1,R9,H6,0.5%,1.3%,1.6%,3.5%
Drive 1,R9,H5,0.5%,1.1%,1.4%,3.1%
Drive 1,R9,H4,0.5%,1.2%,1.6%,3.2%
Drive 1,R9,H3,0.2%,1.4%,1.4%,3.0%
Drive 1,R9,H2,0.3%,1.2%,1.4%,2.9%
Drive 1,R9,H1,0.4%,1.2%,1.5%,3.0%
Drive 1,R10,H15,0.3%,1.2%,1.3%,2.8%
Drive 1,R10,H14,0.7%,1.2%,1.2%,3.1%
Drive 1,R10,H13,0.3%,1.1%,1.4%,2.9%
Drive 1,R10,H12,0.1%,1.2%,1.7%,3.0%
Drive 1,R10,H11,0.7%,1.2%,1.2%,3.2%
Drive 1,R10,H10,0.2%,1.1%,1.7%,3.0%
Drive 1,R10,H9,0.3%,1.2%,1.5%,3.0%
Drive 1,R10,H8,0.3%,1.0%,1.4%,2.7%
Drive 1,R10,H7,0.6%,1.3%,1.5%,3.4%
Drive 1,R10,H6-rev,0.2%,1.2%,1.7%,3.1%
Drive 1,R10,H5,0.6%,1.1%,1.7%,3.5%
Drive 1,R10,H4,0.5%,1.2%,1.5%,3.2%
Drive 1,R10,H3,0.6%,1.1%,1.5%,3.2%
Drive 1,R10,H2,0.3%,1.1%,1.5%,2.8%
Drive 1,R10,H1,0.7%,1.3%,1.6%,3.6%
Drive 1,R11,H15,0.5%,1.3%,1.7%,3.5%
Drive 1,R11,H14,0.6%,1.4%,2.1%,4.2%
Drive 1,R11,H13,0.4%,1.1%,1.4%,2.9%
Drive 1,R11,H12,0.4%,1.2%,1.9%,3.4%
Drive 1,R11,H11,0.4%,1.2%,1.6%,3.2%
Drive 1,R11,H10,0.3%,1.2%,1.7%,3.2%
Drive 1,R11,H9,0.5%,1.1%,1.8%,3.4%
Drive 1,R11,H1,0.2%,1.1%,1.6%,2.9%
Drive 1,R11,H6,0.4%,1.2%,1.6%,3.2%
Drive 1,R11,H8,0.5%,1.1%,1.5%,3.1%
Drive 1,R11,H7,0.7%,1.2%,1.7%,3.6%
Drive 1,R11,H5,0.6%,1.1%,1.6%,3.3%
Drive 1,R11,H4,0.4%,1.2%,1.6%,3.2%
Drive 1,R11,H3,0.9%,1.2%,1.7%,3.8%
Drive 1,R11,H2,0.4%,1.2%,2.0%,3.6%
Drive 1,R11,H2-rev,0.4%,1.4%,0.9%,2.7%
Drive 1,R12,H14,0.2%,1.1%,1.9%,3.3%
Drive 1,R12,H13,0.5%,1.3%,1.6%,3.4%
Drive 1,R12,H12,0.7%,1.2%,2.0%,3.9%
Drive 1,R12,H11,0.6%,1.1%,1.5%,3.2%
Drive 1,R12,H10,0.6%,1.2%,1.7%,3.4%
Drive 1,R12,H9-rev,0.6%,1.1%,1.4%,3.2%
Drive 1,R12,H8,0.6%,1.2%,1.3%,3.1%
Drive 1,R12,H7-rev,0.7%,1.2%,1.6%,3.5%
Drive 1,R12,H6-rev,0.3%,1.4%,1.3%,3.0%
Drive 1,R12,H5,0.8%,1.1%,1.6%,3.5%
Drive 1,R12,H4,0.5%,1.1%,1.4%,3.0%
Drive 1,R12,H3,0.6%,1.2%,1.9%,3.7%
Drive 1,R12,H2,0.2%,1.2%,1.7%,3.1%
Drive 1,R12,H1,0.8%,1.2%,1.2%,3.2%
Drive 1,L11,H6,0.3%,1.3%,2.0%,3.6%
Drive 1,L11,H7,0.7%,1.2%,1.7%,3.7%
Drive 1,R14,H1,0.4%,1.2%,1.6%,3.1%
Drive 1,L11,H9,0.6%,1.3%,1.8%,3.7%
Drive 1,L11,H8,0.4%,1.2%,1.9%,3.5%
Drive 1,L11,H10,0.3%,1.1%,1.7%,3.2%
Drive 1,L11,H11,0.8%,1.2%,1.7%,3.8%
Drive 1,R14,H10,0.4%,1.1%,1.6%,3.0%
Drive 1,R14,H9,0.6%,1.1%,1.4%,3.1%
Drive 1,R14,H8,0.6%,1.4%,1.6%,3.6%
Drive 1,R14,H7,0.6%,1.3%,1.5%,3.4%
Drive 1,R14,H6,0.6%,1.3%,1.5%,3.5%
Drive 1,R14,H5,0.6%,1.2%,1.8%,3.5%
Drive 1,R14,H4,0.8%,1.2%,1.3%,3.3%
Drive 1,R14,H3,0.9%,1.3%,1.7%,3.9%
Drive 1,R14,H2,0.6%,1.3%,1.6%,3.4%
Drive 2,L12,H1,0.4%,1.3%,1.5%,3.2%
Drive 2,L12,H2,0.8%,1.0%,2.0%,3.8%
Drive 2,L12,H3,0.4%,1.3%,1.6%,3.2%
Drive 2,L12,H4,0.5%,1.3%,1.8%,3.5%
Drive 2,L12,H9,0.3%,1.3%,1.8%,3.4%
Drive 2,L12,H5,0.5%,1.2%,1.8%,3.5%
Drive 2,L12,H8,0.7%,1.2%,1.5%,3.5%
Drive 2,L12,H6,0.1%,1.3%,1.5%,2.8%
Drive 2,L12,H10,0.9%,1.2%,1.6%,3.7%
Drive 2,L12,H7,0.7%,1.2%,1.7%,3.6%
Drive 2,L13,H14,0.9%,1.2%,1.5%,3.6%
Drive 2,L13,H13,0.5%,1.3%,1.5%,3.2%
Drive 2,R15,H10,0.6%,1.2%,1.5%,3.3%
Drive 2,R15,H9,0.5%,1.4%,1.7%,3.6%
Drive 2,R15,H8,0.6%,1.3%,1.5%,3.4%
Drive 2,R15,H7,0.7%,1.3%,1.6%,3.6%
Drive 2,L13,H12,0.8%,1.2%,1.5%,3.5%
Drive 2,L13,H12-rev,0.4%,1.1%,1.5%,3.1%
Drive 2,L13,H10,0.5%,1.1%,1.4%,3.0%
Drive 2,L13,H1,0.7%,1.2%,1.6%,3.4%
Drive 2,L13,H2,0.5%,1.2%,1.4%,3.2%
Drive 2,L13,H3,0.5%,1.3%,1.5%,3.3%
Drive 2,L13,H4,0.3%,1.1%,1.5%,2.9%
Drive 2,R15,H1,0.5%,1.1%,1.5%,3.1%
Drive 2,L13,H5,0.5%,1.3%,1.7%,3.5%
Drive 2,L13,H6,0.3%,1.1%,1.8%,3.2%
Drive 2,L13,H7,0.5%,1.2%,1.8%,3.5%
Drive 2,L13,H8,0.7%,1.2%,1.8%,3.7%
Drive 2,L13,H9,0.8%,1.4%,1.8%,3.9%
Drive 2,L13,H11,-0.1%,1.2%,1.2%,2.4%
Drive 2,R15,H6,1.1%,1.2%,1.3%,3.6%
Drive 2,R15,H2,0.3%,1.2%,1.3%,2.8%
Drive 2,R15,H5,0.3%,1.1%,1.6%,3.0%
Drive 2,R15,H4,0.7%,1.3%,1.7%,3.7%
Drive 2,R15,H3,0.6%,1.2%,1.3%,3.1%
Drive 2,L1,H1,0.6%,1.2%,1.7%,3.4%
Drive 2,L1,H13,0.8%,1.3%,1.6%,3.7%
Drive 2,L1,H12,0.3%,1.4%,1.6%,3.3%
Drive 2,L1,H11,0.3%,0.9%,1.8%,3.0%
Drive 2,L1,H10,0.8%,1.2%,1.7%,3.7%
Drive 2,L1A,H14,0.3%,1.2%,1.8%,3.3%
Drive 2,L1,H2,0.7%,1.1%,1.6%,3.4%
Drive 2,L1,H3,0.6%,1.2%,1.6%,3.3%
Drive 2,L1,H4,0.0%,1.2%,1.6%,2.9%
Drive 2,L1,H5,0.6%,1.2%,1.8%,3.6%
Drive 2,L1,H6,0.4%,1.2%,1.9%,3.5%
Drive 2,L1,H7,0.6%,1.3%,1.8%,3.6%
Drive 2,L1,H8,0.6%,1.0%,1.5%,3.1%
Drive 2,L1,H9,0.6%,1.3%,1.6%,3.5%
Drive 2,L1A,H1,0.9%,1.2%,1.8%,3.9%
Drive 2,L1A,H2,0.5%,1.3%,1.2%,3.0%
Drive 2,L1A,H3,0.5%,1.1%,1.3%,3.0%
Drive 2,L1A,H4,0.3%,1.3%,1.5%,3.1%
Drive 2,L1A,H5,0.6%,1.3%,1.7%,3.6%
Drive 2,L1E,H1,0.5%,1.2%,1.7%,3.5%
Drive 2,L1C,H1,0.6%,1.4%,1.5%,3.5%
Drive 2,L1C,H2,0.4%,1.2%,1.8%,3.4%
Drive 2,L1C,H15,0.7%,1.2%,1.8%,3.7%
Drive 2,L1E,H2,0.2%,1.0%,2.0%,3.3%
Drive 2,L2,H1,0.4%,1.2%,1.8%,3.4%
Drive 2,L2,H2,0.4%,1.1%,1.2%,2.8%
Drive 2,L2,H3,0.4%,1.3%,1.5%,3.2%
Drive 2,L2,H4,0.3%,1.3%,1.8%,3.4%
Drive 2,L2,H5,0.4%,1.1%,1.6%,3.1%
Drive 2,L2,H6,0.6%,1.3%,2.3%,4.2%
Drive 2,L2,H13,0.5%,1.1%,1.4%,3.0%
Drive 2,L2,H12,0.7%,1.1%,1.4%,3.2%
Drive 2,L2,H11-rev,0.5%,1.3%,1.5%,3.4%
Drive 2,L2,H10,0.5%,1.2%,1.6%,3.3%
Drive 2,L1E,H3,0.7%,1.2%,1.4%,3.3%
Drive 2,L1E,H4,0.6%,1.1%,1.5%,3.2%
Drive 2,L1E,H5,0.5%,1.2%,1.8%,3.5%
Drive 2,L1C,H3,0.1%,1.3%,1.9%,3.4%
Drive 2,L1C,H4,0.6%,1.2%,1.5%,3.2%
Drive 2,L1C,H5,0.6%,1.4%,1.3%,3.3%
Drive 2,L1C,H6,0.9%,1.1%,1.5%,3.5%
Drive 2,L1C,H14,0.9%,1.2%,1.8%,3.9%
Drive 2,L1A,H6,0.5%,1.2%,1.8%,3.5%
Drive 2,L1A,H13,0.9%,1.0%,1.8%,3.7%
Drive 2,L1A,H7,0.6%,1.1%,2.0%,3.6%
Drive 2,L1A,H12,0.6%,1.2%,1.9%,3.7%
Drive 2,L1A,H11,0.3%,1.3%,1.5%,3.1%
Drive 2,L1C,H13,1.0%,1.1%,1.3%,3.3%
Drive 2,L1C,H12,0.4%,1.1%,1.8%,3.3%
Drive 2,L1E,H6,0.5%,1.2%,1.7%,3.3%
Drive 2,L1E,H7,0.2%,1.2%,1.5%,2.9%
Drive 2,L2,H7,0.5%,1.1%,1.5%,3.2%
Drive 2,L1E,H14,0.9%,1.3%,1.7%,3.8%
Drive 2,L1E,H13,0.5%,1.3%,1.8%,3.6%
Drive 2,L1E,H12,0.8%,1.4%,2.0%,4.1%
Drive 2,L1E,H11,0.4%,1.0%,1.7%,3.1%
Drive 2,L3,H1,0.4%,1.3%,1.7%,3.5%
Drive 2,L3,H2,0.2%,1.3%,1.4%,2.9%
Drive 2,L3,H3,0.4%,1.1%,1.6%,3.2%
Drive 2,L3,H4,0.5%,1.2%,1.7%,3.3%
Drive 2,L3,H5,0.6%,1.3%,1.8%,3.7%
Drive 2,L3,H6,0.4%,1.3%,1.4%,3.0%
Drive 2,L3,H7,0.6%,1.2%,1.7%,3.5%
Drive 2,L3,H8,0.2%,1.3%,1.5%,2.9%
Drive 2,L3,H9,0.7%,1.1%,1.7%,3.4%
Drive 2,L3,H10,0.8%,1.2%,1.5%,3.4%
Drive 2,L3A,H1,0.5%,1.1%,1.9%,3.4%
Drive 2,L3A,H2,0.2%,1.1%,1.4%,2.7%
Drive 2,L3A,H3,0.8%,1.1%,1.5%,3.5%
Drive 2,L4,H1,0.5%,1.1%,1.6%,3.2%
Drive 2,L4,H2,0.3%,1.2%,1.1%,2.6%
Drive 2,L4,H3,0.7%,1.2%,1.5%,3.4%
Drive 2,L4,H10,0.7%,1.2%,1.8%,3.8%
Drive 2,L4,H4,0.3%,1.2%,1.5%,3.0%
Drive 2,L4,H5,0.8%,1.3%,1.4%,3.5%
Drive 2,L4,H6,0.7%,1.3%,1.8%,3.9%
Drive 2,L4,H7,0.6%,1.1%,1.3%,3.0%
Drive 2,L4,H8,0.9%,1.3%,1.6%,3.7%
Drive 2,L4,H9,0.8%,1.3%,1.5%,3.6%
Drive 2,L4,H11,0.4%,1.2%,1.7%,3.3%
Drive 2,L4,H12,0.6%,1.1%,1.7%,3.5%
Drive 2,L4A,H1,0.5%,1.1%,1.4%,3.0%
Drive 2,L4A,H2,0.4%,1.2%,1.7%,3.2%
Drive 2,L4A,H3,0.6%,1.3%,1.5%,3.4%
Drive 2,L5,H1,0.5%,1.1%,1.6%,3.2%
Drive 2,L5,H2,0.7%,1.2%,1.7%,3.7%
Drive 2,L5,H3,0.7%,1.0%,1.4%,3.1%
Drive 3,L5,H4,0.5%,1.3%,1.5%,3.3%
Drive 3,L5,H5,0.4%,1.3%,1.6%,3.2%
Drive 3,L5,H6,0.6%,1.1%,2.0%,3.7%
Drive 3,L5,H7,0.4%,1.2%,1.5%,3.2%
Drive 3,L5,H8,0.3%,1.1%,1.6%,3.1%
Drive 3,L5,H9,0.4%,1.3%,1.2%,2.9%
Drive 3,L5,H10,0.4%,1.2%,1.8%,3.4%
Drive 3,L5,H11,0.7%,1.1%,1.4%,3.2%
Drive 3,L5,H12,0.4%,1.3%,1.1%,2.8%
Drive 3,L5A,H1,0.5%,1.3%,1.2%,3.0%
Drive 3,L6,H1,0.7%,1.1%,1.5%,3.3%
Drive 3,L6,H2,0.3%,1.2%,1.9%,3.3%
Drive 3,L6,H3,0.7%,1.2%,1.2%,3.1%
Drive 3,L6,H4,0.3%,1.2%,1.6%,3.1%
Drive 3,L6,H5,0.2%,1.3%,1.0%,2.5%
Drive 3,L6,H6,0.6%,1.2%,1.4%,3.2%
Drive 3,L6,H7,0.4%,1.1%,1.3%,2.9%
Drive 3,L6,H8,0.7%,1.2%,1.4%,3.3%
Drive 3,L6,H9,0.2%,1.2%,1.8%,3.3%
Drive 3,L6,H10,0.9%,1.2%,1.6%,3.7%
Drive 3,L6,H11,0.3%,1.1%,1.6%,3.0%
Drive 3,L6,H12,0.6%,1.3%,1.5%,3.5%
Drive 3,L7,H1,0.3%,1.2%,1.5%,3.0%
Drive 3,L7,H2,0.3%,1.1%,1.6%,3.1%
Drive 3,L7,H3,0.5%,1.2%,1.4%,3.1%
Drive 3,L7,H4,0.8%,1.1%,1.8%,3.7%
Drive 3,L7,H5,0.5%,1.4%,1.5%,3.4%
Drive 3,L8,H1,0.4%,1.0%,1.6%,3.0%
Drive 3,L8,H2,0.4%,1.1%,1.7%,3.2%
Drive 3,L8,H3,0.5%,1.3%,1.8%,3.6%
Drive 3,L8,H4,0.6%,1.1%,1.3%,3.1%
Drive 3,L8,H5,0.6%,1.3%,1.7%,3.6%
Drive 3,L9,H1,0.4%,1.4%,1.7%,3.5%
Drive 3,L9,H2,0.7%,1.1%,1.8%,3.6%
Drive 3,L9,H3,0.9%,1.1%,1.4%,3.4%
Drive 3,L9,H4,0.6%,1.1%,1.6%,3.3%
Drive 3,L9,H5,0.3%,1.1%,1.5%,2.8%
Drive 3,L10,H1,0.3%,1.0%,1.9%,3.2%
Drive 3,L10,H2,0.5%,1.1%,1.6%,3.2%
Drive 3,L10,H3,0.2%,1.2%,1.3%,2.6%
Drive 3,L10,H4,0.3%,1.3%,1.8%,3.3%
Drive 3,L10,H5,0.3%,1.3%,1.6%,3.1%
Drive 3,L10,H6,0.6%,1.2%,1.4%,3.3%
Drive 3,L10,H7,0.7%,1.3%,2.0%,4.0%
Drive 3,L10,H8,0.4%,1.2%,1.4%,2.9%
Drive 3,L10,H9,0.5%,1.2%,1.7%,3.3%
Drive 3,L10,H10,0.3%,1.4%,2.0%,3.6%
Drive 3,L10,H11,0.2%,1.3%,1.4%,2.9%
Drive 3,L10,H12,0.4%,1.2%,1.5%,3.2%
Drive 3,L10,H13,0.4%,1.2%,1.1%,2.8%
Drive 3,L10,H14,0.4%,1.1%,1.7%,3.2%
Drive 3,L10,H15,0.6%,1.3%,1.8%,3.7%
Drive 3,L10,H16,0.6%,1.2%,1.3%,3.1%
Drive 3,L10,H17,0.5%,1.3%,1.7%,3.4%
Drive 3,L10A,H17,0.5%,1.4%,1.6%,3.5%
Drive 3,L10A,H16,0.4%,1.3%,1.5%,3.2%
Drive 3,L10A,H15,0.6%,1.2%,1.7%,3.5%
Drive 3,L10A,H14,0.9%,1.0%,1.3%,3.3%
Drive 3,L10A,H13,0.6%,1.2%,1.4%,3.2%
Drive 3,L10A,H12,0.2%,1.3%,1.8%,3.3%
Drive 3,L10A,H1,0.8%,1.2%,1.6%,3.6%
Drive 3,L10A,H2,0.6%,1.4%,1.9%,3.9%
Drive 3,L10A,H3,0.6%,1.1%,1.4%,3.2%
Drive 3,L10A,H4,0.0%,1.2%,1.4%,2.6%
Drive 3,L10A,H5,0.9%,1.3%,1.6%,3.7%
Drive 3,L10A,H6,0.2%,1.2%,1.5%,3.0%
Drive 3,L10A,H11,0.8%,1.2%,1.7%,3.7%
Drive 3,L1A,H8,0.7%,1.0%,1.8%,3.4%
Drive 3,L1A,H10,0.3%,1.1%,1.4%,2.8%
Drive 3,L1A,H9,0.8%,1.2%,1.8%,3.8%
Drive 3,L1B,H1,0.8%,1.1%,1.7%,3.6%
Drive 3,L1B,H2,0.6%,1.2%,1.4%,3.2%
Drive 3,L1C,H7,0.8%,1.3%,1.5%,3.6%
Drive 3,L1C,H9,0.4%,1.2%,1.7%,3.3%
Drive 3,L1C,H8,0.4%,1.1%,1.6%,3.1%
Drive 3,L1C,H10,0.7%,1.4%,1.2%,3.3%
Drive 3,L1C,H11-rev,1.2%,1.2%,1.4%,3.8%
Drive 3,L1D,H1,0.1%,1.3%,1.5%,2.9%
Drive 3,L1D,H2,0.4%,1.1%,1.7%,3.3%
Drive 3,L1E,H8,0.8%,1.2%,1.9%,3.9%
Drive 3,L1E,H9,0.3%,1.4%,1.7%,3.4%
Drive 3,L1E,H10,0.2%,1.1%,1.5%,2.8%
Drive 3,L2,H8,0.6%,1.1%,1.7%,3.5%
Drive 3,L2,H9-rev,0.1%,1.3%,1.4%,2.8%
Drive 3,L10A,H7,0.6%,1.2%,1.6%,3.5%
Drive 3,L10A,H8,0.5%,1.2%,1.8%,3.5%
Drive 3,L10A,H10,0.0%,1.2%,1.6%,2.9%
Drive 3,L10A,H9,0.7%,1.0%,1.9%,3.6%
Drive 3,L10B,H1,0.4%,1.3%,2.0%,3.7%
Drive 3,L10B,H2,0.3%,1.2%,1.7%,3.2%
Drive 3,L10C,H1,1.0%,1.2%,1.7%,4.0%
Drive 3,L10C,H2,0.4%,1.2%,1.4%,3.0%
Drive 3,L10C,H3,0.3%,1.2%,1.5%,3.1%
Drive 3,L10C,H4,0.8%,1.2%,1.6%,3.6%
Drive 3,L10C,H5,0.6%,1.2%,1.8%,3.6%
Drive 3,L10C,H6,0.4%,1.3%,1.7%,3.4%
Drive 3,L10C,H7,0.4%,1.3%,1.3%,2.9%
Drive 3,L10C,H8,0.7%,1.4%,1.5%,3.5%
Drive 3,L10C,H9-rev,0.9%,1.3%,1.0%,3.2%
Drive 3,L10C,H10,0.3%,1.4%,1.5%,3.2%
Drive 3,L10C,H19,0.7%,1.2%,1.6%,3.4%
Drive 3,L10C,H18,0.4%,1.3%,1.7%,3.3%
Drive 3,L10C,H17,0.8%,1.2%,1.3%,3.3%
Drive 3,L10C,H16,0.5%,1.2%,1.4%,3.1%
Drive 3,L10C,H15,0.5%,1.3%,1.5%,3.3%
Drive 3,L10C,H14,0.5%,1.1%,1.5%,3.2%
Drive 3,L10C,H13,0.4%,1.1%,1.2%,2.7%
Drive 3,L10C,H12,0.4%,1.1%,1.7%,3.3%
Drive 3,L10C,H11,0.6%,1.0%,1.3%,2.9%
Drive 3,L10E,H1,0.4%,1.2%,1.8%,3.4%
Drive 3,L10E,H2,0.5%,1.1%,1.8%,3.4%
Drive 3,L10E,H3,0.4%,1.2%,2.0%,3.6%
Drive 3,L10E,H4,0.4%,1.3%,1.4%,3.2%
Drive 3,L10E,H5,0.4%,1.2%,2.0%,3.5%
Drive 3,L10E,H6,0.5%,1.2%,1.6%,3.2%
Drive 3,L10E,H7,0.4%,1.4%,2.0%,3.8%
Drive 3,L10E,H8,0.6%,1.2%,1.4%,3.3%
Drive 3,L10E,H17,0.5%,1.3%,1.4%,3.2%
Drive 3,L10E,H16,0.6%,1.0%,1.9%,3.5%
Drive 3,L10E,H15-rev,0.4%,1.3%,1.5%,3.2%
Drive 3,L10E,H14,0.4%,1.3%,2.0%,3.6%
Drive 3,L10E,H13-rev,0.5%,1.1%,1.4%,3.0%
Drive 3,L10E,H12,0.6%,1.2%,1.5%,3.4%
Drive 3,L10E,H9,0.4%,1.0%,1.6%,3.1%
Drive 3,L10D,H2,0.9%,1.2%,1.5%,3.6%
Drive 3,L10D,H1,0.4%,1.1%,1.4%,2.9%
Drive 3,L10E,H10,0.5%,1.2%,1.4%,3.0%
Drive 3,L10E,H11,0.4%,1.2%,1.4%,3.0%
Drive 3,L1,H1,0.1%,1.2%,1.7%,3.0%
Drive 3,L1,H2,0.4%,1.2%,1.6%,3.2%
Drive 3,L2,H1,0.8%,1.2%,1.8%,3.8%
Drive 3,L2,H2,0.5%,1.3%,1.5%,3.3%
Drive 3,L2,H3,0.4%,1.1%,1.5%,3.0%
Drive 3,L2,H4,0.5%,1.2%,1.7%,3.4%
Drive 3,L2,H5,0.4%,1.3%,1.8%,3.5%
Drive 3,L2,H6,0.7%,0.9%,1.8%,3.4%
Drive 3,L2,H7,0.5%,1.2%,1.5%,3.2%
Drive 3,L2,H8,0.4%,1.0%,1.5%,2.8%
Drive 3,L2,H9,0.4%,1.1%,1.5%,3.0%
Drive 3,L2,H10,0.6%,1.3%,1.7%,3.6%
Drive 3,L2,H11,0.5%,1.1%,1.8%,3.4%
Drive 3,L2,H12,0.6%,1.3%,2.1%,4.1%
Drive 3,L3,H1,0.7%,1.2%,1.4%,3.4%
Drive 3,L3,H2,0.7%,1.2%,1.4%,3.4%
Drive 3,L3,H3,0.5%,1.1%,1.4%,3.1%
Drive 3,L3,H4,0.5%,1.3%,1.6%,3.4%
Drive 3,L3,H5,0.8%,1.2%,1.5%,3.4%
Drive 3,L3,H6,0.2%,1.2%,1.5%,2.9%
Drive 3,L3,H7-rev,0.6%,1.2%,1.4%,3.1%
Drive 3,L3,H8,0.9%,1.2%,1.5%,3.5%
Drive 3,L3,H9,0.5%,1.2%,1.9%,3.6%
Drive 3,L3,H10,0.6%,1.3%,1.8%,3.7%
Drive 3,L3,H11,0.6%,1.1%,1.5%,3.3%
Drive 3,L3,H13,0.5%,1.3%,1.4%,3.2%
Drive 3,L3,H12,0.9%,1.2%,1.6%,3.7%
Drive 3,L4,H8,0.4%,1.2%,1.6%,3.2%
Drive 3,L4,H1,0.3%,1.1%,1.7%,3.1%
Drive 3,L4,H2,0.4%,1.2%,1.3%,2.9%
Drive 3,L4,H7,0.5%,1.2%,1.6%,3.2%
Drive 3,L4,H3,0.5%,1.1%,1.4%,3.0%
Drive 3,L4,H4,0.6%,1.3%,1.5%,3.5%
Drive 3,L4,H5,0.3%,1.1%,1.5%,2.9%
Drive 3,L4,H6,0.5%,1.2%,1.5%,3.2%
Drive 3,L4,H9,0.5%,1.3%,1.6%,3.4%
Drive 3,L4,H10,0.7%,1.2%,1.9%,3.8%
Drive 3,L4,H11,0.5%,1.2%,1.6%,3.3%
Drive 3,L4,H12,0.2%,1.2%,1.5%,2.9%
Drive 3,L4,H13,0.6%,1.2%,1.8%,3.6%
Drive 3,L7A,H1,0.6%,1.2%,1.0%,2.9%
Drive 3,L7A,H2,0.5%,1.2%,1.7%,3.4%
Drive 3,L7A,H3,0.7%,1.3%,1.7%,3.6%
Drive 3,L7A,H4,0.5%,1.1%,1.9%,3.5%
Drive 3,L7A,H14,0.8%,1.2%,1.7%,3.8%
Drive 3,L7A,H7,0.4%,1.3%,1.6%,3.2%
Drive 3,L7A,H5,0.7%,1.1%,1.8%,3.6%
Drive 3,L7A,H12,0.5%,1.1%,1.4%,3.0%
Drive 3,L7A,H6,0.6%,1.2%,2.0%,3.8%
Drive 3,L7A,H11,0.4%,1.1%,1.7%,3.3%
Drive 3,L7A,H10,0.3%,1.2%,1.5%,3.1%
Drive 3,L7A,H13,0.9%,1.1%,1.7%,3.6%
Drive 3,L7A,H8,0.7%,1.2%,1.4%,3.3%
Drive 3,L7A,H9,0.6%,1.3%,1.9%,3.8%
Drive 3,P6,H21,0.3%,1.0%,1.8%,3.2%
Drive 3,P6,H20,0.6%,1.2%,1.4%,3.2%
Drive 3,P6,H19,0.4%,1.2%,1.4%,3.0%
Drive 3,P6,H18-rev,0.3%,1.0%,1.3%,2.6%
Drive 3,P6,H17,0.4%,1.2%,1.3%,2.8%
Drive 3,T1,H23,0.2%,1.1%,1.9%,3.1%
Drive 3,T1,H22,0.4%,1.2%,2.0%,3.6%
Drive 3,T1,H21-rev,0.3%,1.2%,1.8%,3.3%
Drive 3,T1,H20,0.5%,1.2%,1.5%,3.2%
Drive 3,T1,H19,0.8%,1.0%,1.8%,3.6%
Drive 3,T1,H18,0.6%,1.5%,1.3%,3.5%
Drive 3,T1,H17,0.4%,1.2%,1.6%,3.3%
Drive 3,T2,H14,0.3%,1.2%,2.0%,3.5%
Drive 3,T2,H16,0.5%,1.2%,1.6%,3.3%
Drive 3,T2,H15,0.5%,1.1%,1.4%,3.0%
Drive 3,T3,H25,0.6%,1.3%,1.7%,3.6%
Drive 3,T3,H24,0.7%,1.1%,1.9%,3.8%
Drive 3,T3,H23,0.6%,1.1%,1.8%,3.6%
Drive 3,T3,H22,0.3%,1.1%,1.4%,2.9%
Drive 3,T3,H21,0.6%,1.1%,1.4%,3.1%
Drive 3,T3,H20,0.2%,1.1%,1.5%,2.8%
Drive 3,R1A,H2,0.5%,1.3%,1.8%,3.6%
Drive 3,R1A,H1,0.5%,1.3%,1.8%,3.7%
Drive 3,R1,H9,0.2%,1.1%,1.4%,2.7%
Drive 3,R1,H8,0.5%,1.2%,1.6%,3.3%
Drive 3,R1,H7,0.2%,1.1%,1.6%,2.9%
Drive 3,R1,H6,0.5%,1.2%,1.7%,3.4%
Drive 3,R1,H5,0.6%,1.3%,2.0%,3.8%
Drive 3,R1,H4,0.5%,1.4%,1.5%,3.3%
Drive 3,R1,H3,0.0%,1.3%,1.8%,3.1%
Drive 3,R1,H2,0.5%,1.0%,1.6%,3.1%
Drive 3,R1,H1,0.7%,1.1%,1.5%,3.3%
Drive 3,L1,H1,0.4%,1.2%,1.4%,3.0%
Drive 3,L1,H2,0.7%,1.2%,1.9%,3.7%
Drive 3,L1,H3,0.7%,1.2%,2.0%,3.9%
Drive 3,L1,H4,0.6%,1.1%,1.8%,3.4%
Drive 3,R2,H13,0.5%,1.2%,1.7%,3.4%
Drive 3,R2,H16,0.5%,1.2%,1.3%,2.9%
Drive 3,R2,H15,0.7%,1.3%,1.6%,3.5%
Drive 3,R2,H14,0.5%,1.3%,1.5%,3.4%
Drive 3,R2,H10,0.1%,1.3%,1.7%,3.1%
Drive 3,R2,H12,0.6%,1.0%,1.6%,3.1%
Drive 3,R2,H11,0.6%,1.4%,1.9%,3.9%
Drive 3,R2,H9,0.6%,1.2%,1.6%,3.4%
Drive 3,R2,H8,0.3%,1.0%,1.4%,2.8%
Drive 3,R2A,H2,0.4%,1.2%,1.8%,3.4%
Drive 3,R20,H11,0.7%,1.3%,2.0%,4.0%
Drive 3,R20,H10,0.6%,1.2%,1.7%,3.6%
Drive 3,R20,H9-rev,0.2%,1.3%,1.2%,2.7%
Drive 3,R20,H8,0.7%,1.0%,1.6%,3.2%
Drive 3,R20,H7,0.3%,1.0%,1.4%,2.8%
Drive 3,R20,H6,0.4%,1.1%,1.9%,3.5%
Drive 3,R20,H5,0.3%,1.1%,1.7%,3.2%
Drive 3,R20,H4,0.5%,1.3%,1.7%,3.4%
Drive 3,R20,H3-rev,0.6%,1.3%,1.8%,3.7%
Drive 3,R20,H1,0.4%,1.2%,1.8%,3.4%
Drive 3,R20,H2,0.5%,1.1%,1.3%,2.9%
Drive 3,R20A,H1,0.5%,1.3%,1.8%,3.5%
Drive 3,L21,H1,0.4%,1.4%,1.6%,3.4%
Drive 3,L21,H2,0.5%,1.2%,1.6%,3.3%
Drive 3,L21,H3,0.5%,1.3%,1.6%,3.4%
Drive 3,L21,H4,0.3%,1.2%,1.6%,3.1%
Drive 3,L21,H5,0.1%,1.2%,1.8%,3.1%
Drive 3,L21,H6,0.8%,1.3%,1.3%,3.5%
Drive 3,L21,H7-rev,0.4%,1.2%,1.4%,3.0%
Drive 3,R21,H4,0.3%,1.4%,1.6%,3.3%
Drive 3,R21,H11,0.2%,1.1%,2.0%,3.3%
Drive 3,R21,H10,0.4%,1.1%,1.6%,3.1%
Drive 3,R21,H9,0.1%,1.2%,1.7%,3.1%
Drive 3,R21,H8,0.7%,1.2%,1.3%,3.1%
Drive 3,R21,H7,0.5%,1.1%,1.6%,3.2%
Drive 3,R21,H6,0.5%,1.2%,1.5%,3.2%
Drive 3,R21,H5,0.3%,1.3%,1.5%,3.1%
Drive 3,R21,H3,0.4%,1.0%,1.4%,2.8%
Drive 3,R21,H2,0.4%,1.3%,1.8%,3.5%
Drive 3,R21,H1,0.6%,1.1%,1.9%,3.7%
Drive 3,L21,H11,0.5%,1.1%,1.4%,3.0%
Drive 3,L21,H10,0.2%,1.1%,1.3%,2.6%
Drive 3,L21,H9,0.3%,1.1%,1.6%,3.0%
Drive 3,L21,H8,0.7%,1.2%,1.6%,3.5%
Drive 3,L21A,H1,0.7%,1.2%,1.3%,3.2%
Drive 3,R21a,H1,0.8%,1.1%,1.6%,3.6%
Drive 3,R22,H11,0.5%,1.3%,1.6%,3.4%
Drive 3,R22,H5,0.9%,1.2%,1.5%,3.6%
Drive 3,R22,H10,0.4%,1.2%,1.9%,3.5%
Drive 3,R22,H9,0.3%,1.3%,1.4%,2.9%
Drive 3,R22,H8,0.5%,1.2%,1.3%,3.0%
Drive 3,R22,H7,0.6%,1.2%,2.0%,3.8%
Drive 3,R22,H6,0.4%,1.3%,1.5%,3.2%
Drive 3,R22,H4,0.3%,1.5%,1.7%,3.6%
Drive 3,R22,H3,0.6%,1.3%,1.9%,3.8%
Drive 3,R22,H2,0.6%,1.0%,1.6%,3.3%
Drive 3,R22,H1,0.5%,1.0%,1.4%,2.9%
Drive 3,L22,H1,0.4%,1.0%,1.4%,2.9%
Drive 3,L22,H2,0.8%,1.2%,1.6%,3.6%
Drive 3,L22,H3,0.8%,1.2%,1.5%,3.4%
Drive 3,L22,H4,0.4%,1.4%,1.6%,3.4%
Drive 3,L22,H5,0.3%,1.1%,1.8%,3.3%
Drive 3,L22,H6,0.7%,1.2%,1.7%,3.6%
Drive 3,L22,H7,0.3%,1.1%,1.5%,3.0%
Drive 3,L22,H8,0.1%,1.2%,1.6%,2.9%
Drive 3,L22,H9,0.2%,1.1%,1.6%,2.9%
Drive 3,L22,H10,0.6%,1.2%,1.4%,3.2%
Drive 3,L22,H11,0.1%,1.2%,1.3%,2.6%
Drive 3,L22A,H1,0.7%,1.2%,1.5%,3.4%
Drive 3,R22A,H1,0.6%,1.3%,2.0%,3.9%
Drive 3,LR23,H21,0.6%,1.2%,1.7%,3.5%
Drive 3,LR23,H20,0.3%,1.1%,1.7%,3.1%
Drive 3,LR23,H19,0.8%,1.1%,1.5%,3.3%
Drive 3,LR23,H18,0.2%,1.2%,1.6%,3.1%
Drive 3,LR23,H17,0.6%,1.2%,1.8%,3.6%
Drive 3,LR23,H16,0.4%,1.4%,1.3%,3.1%
Drive 3,LR23,H15,0.8%,1.2%,1.3%,3.2%
Drive 3,LR23,H14,0.3%,1.2%,1.9%,3.4%
Drive 3,LR23,H13,0.4%,1.1%,1.9%,3.5%
Drive 3,LR23,H12,0.8%,1.2%,1.6%,3.6%
Drive 3,LR23,H11,0.5%,1.0%,1.5%,3.0%
Drive 3,LR23,H10,0.2%,1.1%,1.6%,2.9%
Drive 3,LR23,H9,0.6%,1.1%,1.7%,3.4%
Drive 3,LR23,H8,0.6%,1.3%,1.3%,3.2%
Drive 3,LR23,H7,0.3%,1.2%,1.4%,2.9%
Drive 3,LR23,H6,0.1%,1.2%,1.4%,2.6%
Drive 3,LR23,H5,0.9%,1.3%,1.6%,3.8%
Drive 3,LR23,H4,0.3%,1.4%,1.7%,3.3%
Drive 3,LR23,H3,0.4%,1.1%,1.7%,3.2%
Drive 3,LR23,H2,0.8%,1.2%,1.8%,3.8%
Drive 3,LR23,H1,0.4%,1.1%,1.5%,3.0%
Drive 3,LR23A,H1,1.0%,1.4%,1.5%,3.9%
Drive 3,LR24,H13,0.4%,1.2%,1.4%,3.0%
Drive 3,LR24,H12,0.2%,1.2%,1.6%,3.0%
Drive 3,LR24,H11,0.7%,1.3%,1.8%,3.8%
Drive 3,LR24,H10,0.6%,1.3%,1.3%,3.2%
Drive 3,LR24,H9,0.9%,1.4%,1.7%,4.0%
Drive 3,LR24,H8,0.5%,1.2%,1.5%,3.3%
Drive 3,LR24,H7,0.2%,1.0%,1.6%,2.8%
Drive 3,LR24,H6,0.3%,1.2%,1.6%,3.1%
Drive 3,LR24,H5,0.3%,1.2%,1.7%,3.2%
Drive 3,LR24,H4,0.6%,1.0%,1.0%,2.5%
Drive 3,LR24,H3,0.6%,1.4%,2.0%,4.0%
Drive 3,LR24,H2,0.4%,1.2%,1.4%,3.1%
Drive 3,LR24,H1,0.6%,1.3%,1.2%,3.2%
Drive 3,LR24A,H1,0.5%,1.1%,1.3%,2.9%
Drive 3,LR25,H13,0.7%,1.3%,1.8%,3.8%
Drive 3,LR25,H12,0.5%,1.2%,1.7%,3.5%
Drive 3,LR25,H11,0.6%,1.3%,1.6%,3.6%
Drive 3,LR25,H10,0.9%,1.1%,1.7%,3.6%
Drive 3,LR25,H9,0.7%,1.3%,1.7%,3.7%
Drive 3,LR25,H8,0.5%,1.3%,1.9%,3.7%
Drive 3,LR25,H7,0.6%,1.2%,1.2%,2.9%
Drive 3,LR25,H6,0.5%,1.2%,1.8%,3.5%
Drive 3,LR25,H5,0.6%,1.0%,1.4%,2.9%
Drive 3,LR25,H4,0.1%,1.1%,1.5%,2.7%
Drive 3,SD1,H1,0.5%,1.2%,1.4%,3.2%
Drive 3,SD1,H2,0.3%,1.1%,1.7%,3.1%
Drive 3,SD1,H3,0.6%,1.4%,1.4%,3.4%
Drive 3,SD2,H1,0.7%,1.4%,1.5%,3.6%
Drive 3,SD2,H2,0.5%,1.3%,1.6%,3.4%
Drive 3,SD2,H3,1.0%,1.3%,1.5%,3.8%
Drive 3,SD2,H4,1.1%,1.2%,1.5%,3.7%
Drive 3,SD2A,H1,0.4%,1.0%,2.0%,3.4%
Drive 3,SD2A,H3,0.3%,1.4%,1.7%,3.4%
Drive 3,SD2A,H2,0.6%,1.1%,1.4%,3.1%
Drive 3,SD2B,H1,0.5%,1.3%,1.9%,3.7%
Drive 3,SD2B,H2,0.5%,1.3%,1.5%,3.2%
Drive 3,SD2C,H1,0.7%,1.2%,1.6%,3.5%
Drive 3,SD2C,H3,0.4%,1.2%,1.4%,3.0%
Drive 3,SD2C,H5,0.4%,1.1%,1.5%,3.1%
Drive 3,SD2C,H6,0.7%,1.2%,1.5%,3.3%
Drive 3,SD2C,H2,0.7%,1.1%,1.2%,3.1%
Drive 3,SD2C,H4,0.2%,1.1%,1.6%,3.0%
Drive 3,SD2D,H1,0.4%,1.2%,1.7%,3.3%
Drive 3,SD2D,H2,0.5%,1.3%,1.5%,3.3%
Drive 3,SD2E,H2,0.3%,1.2%,1.6%,3.2%
Drive 3,SD2E,H1,0.4%,1.0%,1.7%,3.1%
Drive 3,SD2E,H3,0.5%,1.4%,1.6%,3.5%
Drive 3,SD3,H1,0.4%,1.3%,1.4%,3.1%
Drive 3,SD3,H2,0.2%,1.1%,1.6%,3.0%
Drive 4,SD3,H3,0.5%,1.2%,1.8%,3.5%
Drive 4,SD3,H4,0.6%,1.2%,1.4%,3.2%
Drive 4,SD4,H1,0.5%,1.2%,1.5%,3.3%
Drive 4,SD5,H1,0.6%,1.3%,1.8%,3.6%
Drive 4,SD5,H2,0.9%,1.3%,1.6%,3.9%
Drive 4,SD6,H1,0.6%,1.1%,1.4%,3.1%
Drive 4,SD7,H1,0.3%,1.1%,1.1%,2.5%
Drive 4,SD7,H2,0.3%,1.3%,1.7%,3.3%
Drive 4,SD8,H1,0.5%,1.1%,1.3%,2.8%
Drive 4,SD9,H1,0.3%,1.2%,1.7%,3.2%
Drive 4,SD11,H1,0.2%,1.1%,1.7%,3.0%
Drive 4,SD13,H1,0.4%,1.0%,1.6%,3.0%
Drive 4,SD10,H1,0.4%,1.1%,1.3%,2.8%
Drive 4,SD12,H1,0.5%,1.1%,1.4%,3.0%
Drive 4,SD11,H2,0.4%,1.1%,1.5%,3.0%
Drive 4,SD13,H2,0.6%,1.4%,1.7%,3.8%
Drive 4,SD9,H2,0.7%,1.1%,1.5%,3.2%
Drive 4,S10,H5,0.7%,1.2%,1.6%,3.6%
Drive 4,S10,H4,0.8%,1.3%,1.7%,3.8%
Drive 4,S10,H3,0.7%,1.3%,1.6%,3.6%
Drive 4,S10,H2,0.7%,1.2%,2.0%,3.8%
Drive 4,S10,H1,0.5%,1.1%,1.4%,3.0%
Drive 4,S11,H5,0.0%,1.1%,1.3%,2.4%
Drive 4,S11,H4,0.5%,1.3%,1.5%,3.2%
Drive 4,S11,H3,0.2%,1.2%,1.5%,2.9%
Drive 4,S11,H2,0.8%,1.2%,2.0%,3.9%
Drive 4,S11,H1,0.5%,1.3%,1.8%,3.5%
Drive 4,S6,H10,0.5%,1.2%,1.9%,3.6%
Drive 4,S6,H9,1.1%,1.2%,1.6%,3.8%
Drive 4,S6,H8,0.7%,1.0%,1.8%,3.4%
Drive 4,S6,H7,0.4%,1.0%,1.8%,3.3%
Drive 4,S6,H6,0.2%,1.1%,1.8%,3.1%
Drive 4,S6,H5,0.5%,1.1%,1.4%,3.0%
Drive 4,S7,H4,0.7%,1.1%,1.7%,3.6%
Drive 4,S7,H3,0.4%,1.2%,1.8%,3.3%
Drive 4,S7,H2,0.3%,1.2%,1.8%,3.3%
Drive 4,S7,H1,0.6%,1.1%,2.0%,3.7%
Drive 4,S8,H10,0.4%,1.2%,1.5%,3.1%
Drive 4,S8,H9,0.5%,1.2%,1.8%,3.5%
Drive 4,S8,H8,0.9%,1.3%,1.3%,3.4%
Drive 4,S8,H7,0.1%,0.9%,1.6%,2.7%
Drive 4,S8,H6,0.3%,1.2%,1.7%,3.2%
Drive 4,S9,H5,0.5%,1.1%,1.5%,3.0%
Drive 4,S9,H4,0.4%,1.0%,1.4%,2.9%
Drive 4,S9,H3,0.4%,1.1%,1.6%,3.1%
Drive 4,S9,H2,0.8%,1.3%,1.6%,3.7%
Drive 4,S9,H1,0.5%,1.2%,1.9%,3.6%
Drive 4,P1,H15,0.5%,1.1%,1.4%,3.0%
Drive 4,P1,H14,0.6%,1.1%,1.6%,3.3%
Drive 4,P1,H13,0.7%,1.2%,1.8%,3.7%
Drive 4,P1,H12,0.6%,1.2%,1.8%,3.6%
Drive 4,P1,H11,0.8%,1.2%,1.6%,3.6%
Drive 4,P1,H10,0.7%,1.1%,1.7%,3.5%
Drive 4,P1,H9,0.8%,1.3%,1.8%,3.9%
Drive 4,P2,H1,0.4%,1.1%,1.4%,2.8%
Drive 4,P2,H2,0.8%,1.0%,1.4%,3.2%
Drive 4,P2,H3,0.4%,1.3%,1.8%,3.5%
Drive 4,P2,H4,0.5%,1.2%,1.2%,2.9%
Drive 4,P2,H5,0.6%,1.4%,1.8%,3.8%
Drive 4,P2,H6,0.6%,1.2%,1.5%,3.3%
Drive 4,P2,H7,0.8%,1.2%,1.4%,3.4%
Drive 4,P2,H8,0.5%,1.1%,1.4%,2.9%
Drive 4,P3,H1,0.5%,1.3%,1.5%,3.3%
Drive 4,P3,H2,0.4%,1.2%,1.6%,3.2%
Drive 4,P3,H3,0.5%,1.1%,1.8%,3.3%
Drive 4,P3,H4,0.4%,1.2%,1.9%,3.5%
Drive 4,P4,H5,0.3%,1.1%,1.4%,2.8%
Drive 4,P4,H6,0.6%,1.2%,1.6%,3.5%
Drive 4,P4,H7,0.3%,1.0%,1.6%,2.9%
Drive 4,P4,H8,0.7%,1.2%,1.9%,3.7%
Drive 4,P4,H9,0.7%,1.2%,1.8%,3.7%
Drive 4,P4,H10,0.6%,1.3%,1.8%,3.7%
Drive 4,P5,H1,0.3%,1.2%,1.7%,3.1%
Drive 4,P5,H2,0.9%,1.3%,1.7%,3.8%
Drive 4,P5,H3,0.6%,1.2%,1.7%,3.5%
Drive 4,P5,H4,0.4%,1.2%,1.8%,3.3%
Drive 4,P5,H10,0.3%,1.3%,1.7%,3.3%
Drive 4,P5,H5,0.5%,1.4%,2.0%,3.9%
Drive 4,P5,H6,0.5%,1.2%,1.6%,3.3%
Drive 4,P5,H7,0.7%,1.1%,1.7%,3.5%
Drive 4,P5,H8,0.8%,1.2%,1.5%,3.5%
Drive 4,P5,H9,0.6%,1.2%,1.8%,3.6%
Drive 4,P6,H6,0.5%,1.1%,1.7%,3.3%
Drive 4,P6,H7,0.6%,1.1%,1.6%,3.3%
Drive 4,P6,H8,0.7%,1.3%,1.6%,3.7%
Drive 4,P6,H9,0.6%,1.2%,1.3%,3.1%
Drive 4,P6,H10,0.7%,1.2%,1.8%,3.7%
Drive 4,P7,H1,0.7%,1.1%,1.5%,3.4%
Drive 4,P7,H2,0.7%,1.2%,1.3%,3.2%
Drive 4,P7,H3,0.5%,1.2%,1.4%,3.1%
Drive 4,P7,H4,0.7%,1.1%,1.5%,3.3%
Drive 4,P7,H5,0.3%,1.3%,1.7%,3.3%
Drive 4,P7A,H1,0.2%,1.4%,1.7%,3.4%
Drive 4,P7A,H2,0.9%,1.2%,1.4%,3.6%
Drive 4,P7A,H3,0.6%,1.3%,1.9%,3.7%
Drive 4,P7A,H4,0.5%,1.3%,1.4%,3.2%
Drive 4,P8,H1,0.6%,1.1%,1.9%,3.7%
Drive 4,P8,H2,0.5%,1.2%,1.8%,3.5%
Drive 4,P8,H3,0.3%,1.2%,1.7%,3.2%
Drive 4,P8,H4,0.3%,1.2%,1.7%,3.2%
Drive 4,P8,H5,0.8%,1.3%,1.3%,3.4%
Drive 4,P8,H6,0.0%,1.1%,1.4%,2.5%
Drive 4,P8,H7,0.7%,1.3%,1.4%,3.3%
Drive 4,P8,H8,0.6%,1.2%,1.6%,3.4%
Drive 4,P8,H12,0.2%,1.1%,1.5%,2.8%
Drive 4,P8,H11,0.5%,1.1%,1.9%,3.6%
Drive 4,P8,H10,0.5%,1.2%,1.4%,3.0%
Drive 4,P8,H9,0.8%,1.2%,1.9%,3.9%
Drive 4,P8A,H1,0.4%,1.2%,2.0%,3.6%
Drive 4,P8A,H2,0.5%,1.3%,1.2%,2.9%
Drive 4,P8A,H3,0.8%,1.2%,1.6%,3.6%
Drive 4,P8A,H4,0.4%,1.1%,1.8%,3.3%
Drive 4,P9,H1,0.5%,1.3%,1.7%,3.5%
Drive 4,P9,H2,0.2%,1.1%,1.6%,2.9%
Drive 4,P9,H3,0.3%,1.0%,1.6%,3.0%
Drive 4,P9,H4,0.3%,1.2%,1.6%,3.0%
Drive 4,P9,H5,0.4%,1.3%,1.6%,3.4%
Drive 4,P9,H6,0.7%,1.3%,1.9%,3.9%
Drive 4,P9,H7,0.7%,1.1%,1.6%,3.4%
Drive 4,P9,H8,0.5%,1.3%,1.6%,3.4%
Drive 4,P9,H9,0.3%,1.2%,1.5%,3.0%
Drive 4,P9,H15,0.9%,1.3%,1.6%,3.8%
Drive 4,P9,H14,0.9%,1.2%,1.7%,3.8%
Drive 4,P9,H13,0.5%,1.4%,1.9%,3.8%
Drive 4,P9,H12,0.3%,1.3%,1.6%,3.2%
Drive 4,P9,H11,0.3%,1.3%,1.7%,3.3%
Drive 4,P9,H10,0.5%,1.1%,1.7%,3.3%
Drive 4,P9A,H1,0.2%,1.3%,1.4%,2.9%
Drive 4,P9A,H2,0.5%,1.2%,1.6%,3.3%
Drive 4,P9A,H3,0.6%,1.3%,1.7%,3.5%
Drive 4,P9A,H4,0.7%,1.2%,1.5%,3.5%
Drive 4,P10,H1,0.6%,1.3%,1.9%,3.8%
Drive 4,P10,H2,0.2%,1.1%,1.7%,3.1%
Drive 4,P10,H3,0.5%,1.3%,1.3%,3.1%
Drive 4,P10,H4,0.5%,1.2%,1.7%,3.4%
Drive 4,P10,H5,0.5%,1.1%,1.3%,3.0%
Drive 4,P10,H6,0.3%,1.4%,1.5%,3.2%
Drive 4,P10,H7,0.6%,1.3%,1.4%,3.3%
Drive 4,P10,H15,0.2%,1.2%,1.5%,2.9%
Drive 4,P10,H14,0.5%,1.2%,1.4%,3.1%
Drive 4,P10,H13,0.6%,1.3%,1.5%,3.3%
Drive 4,P10,H12,0.6%,1.2%,1.8%,3.6%
Drive 4,P10,H11,0.7%,1.2%,1.3%,3.2%
Drive 4,P10,H10,0.8%,1.3%,1.7%,3.8%
Drive 4,P10,H9,0.2%,1.2%,1.4%,2.9%
Drive 4,P10,H8,0.5%,1.3%,1.6%,3.5%
Drive 4,P10A,H7,0.5%,1.3%,1.5%,3.2%
Drive 4,P10A,H6,0.7%,1.2%,1.5%,3.4%
Drive 4,P10A,H5,0.4%,1.2%,1.7%,3.3%
Drive 4,P10A,H1,0.4%,1.2%,1.6%,3.3%
Drive 4,P10A,H2,0.4%,1.3%,1.6%,3.3%
Drive 4,P10A,H3,0.5%,1.2%,1.2%,2.9%
Drive 4,P10A,H4,0.6%,1.2%,1.7%,3.5%
Drive 4,P11,H1,0.6%,1.2%,1.4%,3.3%
Drive 4,P11,H2,0.5%,1.2%,2.0%,3.7%
Drive 4,P11,H3,0.6%,1.2%,1.4%,3.2%
Drive 4,P11,H4,0.6%,1.2%,1.6%,3.4%
Drive 4,P11,H5,0.0%,0.9%,1.5%,2.4%
Drive 4,P11,H6,0.6%,1.2%,1.4%,3.2%
Drive 4,P11,H7,0.6%,1.3%,1.5%,3.4%
Drive 4,P11,H8,0.8%,1.2%,1.7%,3.6%
Drive 4,P11,H9,0.3%,1.2%,1.4%,2.8%
Drive 4,P11,H10,0.2%,1.3%,1.8%,3.3%
Drive 4,P11,H11,0.7%,1.3%,1.8%,3.8%
Drive 4,P11,H12,0.2%,1.3%,1.6%,3.1%
Drive 4,P11,H13,0.6%,1.2%,1.7%,3.4%
Drive 4,P11,H14,0.4%,1.1%,1.7%,3.3%
Drive 4,P11,H15,0.5%,1.4%,1.6%,3.5%
Drive 4,P11A,H7,0.5%,1.2%,1.6%,3.3%
Drive 4,P11A,H6,0.7%,1.0%,1.5%,3.2%
Drive 4,P11A,H5,0.5%,1.1%,1.9%,3.5%
Drive 4,P11A,H1,0.6%,1.2%,1.5%,3.3%
Drive 4,P11A,H2,0.5%,1.0%,1.7%,3.3%
Drive 4,P11A,H3,0.3%,1.1%,2.1%,3.5%
Drive 4,P11A,H4,0.3%,1.3%,1.9%,3.5%
Drive 4,P12,H1,0.3%,1.2%,1.5%,2.9%
Drive 4,P12,H2,0.3%,1.2%,1.5%,3.0%
Drive 4,P12,H3,0.2%,1.0%,1.7%,3.0%
Drive 4,P12,H4,0.4%,1.2%,1.5%,3.1%
Drive 4,P12,H5,1.0%,1.1%,2.1%,4.2%
Drive 4,P12,H6,0.4%,1.2%,1.4%,3.0%
Drive 4,P12,H7,0.6%,1.3%,1.3%,3.2%
Drive 4,P12,H15,0.3%,1.1%,1.4%,2.8%
Drive 4,P12,H14,0.5%,1.3%,1.7%,3.4%
Drive 4,P12,H13,0.5%,1.1%,1.5%,3.1%
Drive 4,P12,H12,0.5%,1.3%,1.5%,3.4%
Drive 4,P12,H11,0.2%,1.1%,1.8%,3.1%
Drive 4,P12,H10,0.3%,1.2%,1.2%,2.7%
Drive 4,P12,H9,0.6%,1.1%,1.7%,3.5%
Drive 4,P12,H8,0.9%,1.3%,1.6%,3.7%
Drive 4,P12A,H7,0.6%,1.2%,1.9%,3.8%
Drive 4,P12A,H6,0.4%,1.3%,1.5%,3.2%
Drive 4,P12A,H5,0.3%,1.3%,1.8%,3.4%
Drive 4,P12A,H1,0.7%,1.4%,1.5%,3.6%
Drive 4,P12A,H2,0.1%,1.3%,1.6%,3.1%
Drive 4,P12A,H3,0.5%,1.3%,1.5%,3.3%
Drive 4,P12A,H4,0.5%,1.2%,2.0%,3.7%
Drive 4,P13,H1,0.7%,1.1%,1.7%,3.5%
Drive 4,P13,H2,0.3%,1.1%,1.7%,3.1%
Drive 4,P13,H3,0.9%,1.1%,1.7%,3.7%
Drive 4,P13,H4,0.4%,1.0%,1.7%,3.1%
Drive 4,P13,H5,-0.1%,1.3%,1.5%,2.7%
Drive 4,P13,H6,0.5%,1.3%,1.7%,3.5%
Drive 4,P13,H7,0.5%,1.2%,1.7%,3.3%
Drive 4,P13,H8,0.8%,1.1%,1.6%,3.5%
Drive 4,P13,H15,0.5%,1.1%,1.3%,2.9%
Drive 4,P13,H14,0.5%,1.0%,1.4%,3.0%
Drive 4,P13,H13,0.6%,1.1%,1.6%,3.3%
Drive 4,P13,H12,0.6%,1.2%,1.5%,3.3%
Drive 4,P13,H9-rev,0.1%,1.3%,1.5%,3.0%
Drive 4,P13,H11,0.5%,1.2%,1.5%,3.2%
Drive 4,P13,H10,0.3%,1.2%,1.4%,2.8%
Drive 4,P13A,H7,1.0%,1.0%,1.9%,3.9%
Drive 4,P13A,H6,0.7%,1.3%,1.5%,3.5%
Drive 4,P13A,H5,0.7%,1.3%,1.6%,3.6%
Drive 4,P13A,H1,0.6%,1.2%,1.5%,3.3%
Drive 4,P13A,H2,0.8%,1.1%,1.4%,3.3%
Drive 4,P13A,H3,0.3%,1.3%,1.7%,3.3%
Drive 4,P13A,H4,0.5%,1.3%,2.0%,3.8%
Drive 4,P14,H1,0.4%,1.2%,1.5%,3.1%
Drive 4,P14,H2,0.6%,1.1%,1.4%,3.2%
Drive 4,P14,H3,0.2%,1.1%,1.6%,2.9%
Drive 4,P14,H4,0.5%,1.3%,1.5%,3.3%
Drive 4,P14,H5,0.6%,1.2%,1.8%,3.7%
Drive 4,P15,H6,0.7%,1.1%,1.7%,3.4%
Drive 4,P15,H7,0.6%,1.2%,1.6%,3.4%
Drive 4,P15,H8,0.7%,1.2%,1.5%,3.3%
Drive 4,P15,H9,0.5%,1.3%,1.6%,3.4%
Drive 4,P15,H10,0.7%,1.2%,1.8%,3.7%
Drive 4,P16,H1,0.2%,1.2%,1.7%,3.0%
Drive 4,P16,H2,0.5%,1.2%,1.4%,3.2%
Drive 4,P16,H3,0.6%,1.1%,1.5%,3.2%
Drive 4,P16,H4,0.7%,1.3%,1.6%,3.6%
Drive 4,P16,H5,0.5%,1.3%,1.6%,3.4%
Drive 4,P16,H6,0.5%,1.2%,1.7%,3.4%
Drive 4,P16,H7,0.4%,1.1%,1.8%,3.4%
Drive 4,P16,H8,0.5%,1.2%,1.6%,3.4%
Drive 4,P16,H9,0.5%,1.3%,1.6%,3.4%
Drive 4,P16,H10,0.5%,1.3%,1.2%,3.1%
Drive 4,P18,H1,1.0%,1.4%,2.1%,4.5%
Drive 4,P18,H2,0.2%,1.2%,1.8%,3.2%
Drive 4,P18,H3,0.6%,1.3%,1.7%,3.5%
Drive 4,P18,H4,0.4%,1.2%,1.3%,2.9%
Drive 4,P18,H5,0.8%,1.1%,1.8%,3.7%
Drive 4,P17,H6,0.3%,1.1%,1.5%,3.0%
Drive 4,P17,H7,0.7%,1.1%,1.4%,3.2%
Drive 4,P17,H8,0.4%,1.1%,1.4%,2.9%
Drive 4,P17,H9,0.8%,1.2%,1.8%,3.8%
Drive 4,P17,H10,0.6%,1.3%,1.9%,3.8%
Drive 4,P18A,H1,0.6%,1.3%,1.6%,3.4%
Drive 4,P18A,H2,0.3%,1.1%,2.0%,3.4%
Drive 4,P18A,H3,0.4%,1.2%,1.6%,3.2%
Drive 4,P18A,H4,0.3%,1.2%,1.6%,3.1%
Drive 4,P19,H1,0.3%,1.2%,1.7%,3.2%
Drive 4,P19,H2,0.3%,1.2%,1.5%,3.0%
Drive 4,P19,H3,0.7%,1.3%,1.7%,3.6%
Drive 4,P19,H4,0.8%,1.3%,1.6%,3.7%
Drive 4,P19,H5,0.4%,1.2%,1.7%,3.3%
Drive 4,P19,H6,0.4%,1.2%,1.5%,3.2%
Drive 4,P19,H7,0.4%,1.1%,1.4%,3.0%
Drive 4,P19,H8,0.7%,1.2%,1.9%,3.8%
Drive 4,P19,H9,0.2%,1.3%,1.6%,3.1%
Drive 4,P19,H10,0.2%,1.3%,1.3%,2.7%
Drive 4,P19,H11,0.6%,1.4%,1.9%,3.9%
Drive 4,P19A,H1,0.3%,1.2%,1.5%,3.1%
Drive 4,P19A,H2,0.2%,1.2%,1.5%,2.9%
Drive 4,P19A,H3,0.5%,1.3%,1.4%,3.2%
Drive 4,P19A,H4,0.3%,1.3%,1.8%,3.4%
Drive 4,L1,H5,0.5%,1.3%,1.7%,3.6%
Drive 4,L1,H6,0.3%,1.2%,1.4%,3.0%
Drive 4,L1,H7,0.6%,1.0%,1.9%,3.5%
Drive 4,R2A,H3,0.3%,1.2%,1.7%,3.1%
Drive 4,R2A,H1,0.6%,1.2%,1.5%,3.2%
Drive 4,L1A,H4,0.7%,1.2%,1.6%,3.6%
Drive 4,L1A,H1,0.3%,1.2%,1.5%,3.1%
Drive 4,L1A,H2,-0.1%,1.1%,1.3%,2.3%
Drive 4,L1A,H3,0.7%,1.1%,1.2%,3.1%
Drive 4,L2,H1,0.2%,1.5%,1.5%,3.2%
Drive 4,L2,H2,0.8%,1.2%,1.4%,3.4%
Drive 4,L2,H3,0.7%,1.2%,1.7%,3.7%
Drive 4,L2,H4,0.3%,1.1%,1.5%,2.9%
Drive 4,L2,H5,0.6%,1.3%,1.4%,3.3%
Drive 4,L2,H6,0.1%,1.2%,1.5%,2.8%
Drive 4,L2,H7,0.6%,1.0%,1.7%,3.2%
Drive 4,R3A,H2,0.7%,1.3%,1.5%,3.5%
Drive 4,R3A,H3,0.6%,1.3%,1.8%,3.8%
Drive 4,R3A,H1,0.5%,1.3%,1.6%,3.4%
Drive 4,L2A,H1,0.5%,1.1%,1.5%,3.2%
Drive 4,L2A,H2,0.3%,1.4%,1.7%,3.5%
Drive 4,L2A,H3,0.7%,1.3%,1.7%,3.6%
Drive 4,L2A,H4,0.2%,1.3%,1.4%,2.8%
Drive 4,L3,H1,0.3%,1.2%,1.4%,2.9%
Drive 4,L3,H2,0.3%,1.0%,1.7%,3.0%
Drive 4,L3,H3,0.1%,1.3%,1.5%,2.8%
Drive 4,L3,H4,0.5%,1.1%,1.8%,3.4%
Drive 4,L3,H5,0.6%,1.1%,1.9%,3.6%
Drive 4,L3,H6,0.8%,1.3%,1.6%,3.7%
Drive 4,L3,H7,0.2%,1.2%,1.6%,3.0%
Drive 4,R3,H16,0.4%,1.1%,1.2%,2.7%
Drive 4,R3,H15,0.3%,1.1%,2.0%,3.4%
Drive 4,R3,H14,0.6%,1.2%,1.5%,3.3%
Drive 4,R3,H13,0.7%,1.2%,1.8%,3.8%
Drive 4,R3,H8,0.6%,1.5%,1.9%,4.0%
Drive 4,R3,H12,0.6%,1.3%,1.4%,3.4%
Drive 4,R3,H11,0.4%,1.2%,1.9%,3.5%
Drive 4,R3,H10,0.4%,1.2%,1.5%,3.1%
Drive 4,R3,H9,0.8%,1.3%,2.0%,4.0%
Drive 4,R4A,H1,0.1%,1.2%,1.5%,2.7%
Drive 4,R4,H14,0.3%,1.2%,1.8%,3.3%
Drive 4,R4,H13,0.6%,1.3%,1.5%,3.5%
Drive 4,R4,H12,0.6%,1.1%,1.7%,3.5%
Drive 4,R4,H11,0.2%,1.3%,1.6%,3.1%
Drive 4,R4,H10,0.7%,1.2%,1.6%,3.5%
Drive 4,R4,H9,0.8%,1.1%,1.3%,3.1%
Drive 4,R4,H8,0.2%,1.5%,1.6%,3.3%
Drive 4,L4,H7,0.5%,1.0%,1.3%,2.7%
Drive 4,L4,H6,0.6%,1.0%,1.5%,3.1%
Drive 4,L4,H5-rev,0.4%,1.2%,1.6%,3.1%
Drive 4,L4,H1,0.6%,1.2%,1.7%,3.5%
Drive 4,L4,H2,0.7%,1.3%,1.7%,3.7%
Drive 4,L4,H3,0.4%,1.0%,1.3%,2.7%
Drive 4,L4,H4,0.5%,1.1%,1.7%,3.3%
Drive 4,L3A,H1,0.5%,1.2%,1.4%,3.1%
Drive 4,L3A,H2,0.4%,1.3%,1.6%,3.4%
Drive 4,R5A,H1,0.3%,1.0%,1.7%,3.0%
Drive 4,R5,H13,0.6%,1.2%,1.5%,3.3%
Drive 4,R5,H11,0.5%,1.1%,1.6%,3.2%
Drive 4,R5,H12,0.7%,1.2%,1.4%,3.3%
Drive 4,R6A,H3,0.6%,1.2%,1.4%,3.1%
Drive 4,R5,H10,0.4%,1.0%,1.8%,3.2%
Drive 4,R5,H9,0.6%,1.2%,1.2%,3.0%
Drive 4,R5,H8,0.4%,1.2%,1.8%,3.4%
Drive 4,R6A,H1,0.5%,1.1%,1.6%,3.3%
Drive 4,R6A,H2,0.5%,1.3%,1.7%,3.5%
Drive 4,R6,H1,0.5%,1.2%,1.7%,3.4%
Drive 4,R6,H2,0.5%,1.2%,1.8%,3.6%
Drive 4,R6,H3,0.3%,1.3%,1.9%,3.5%
Drive 4,R6,H4,0.1%,1.1%,1.8%,3.0%
Drive 4,R6,H5,0.5%,1.3%,1.7%,3.5%
Drive 4,R6,H6,0.5%,1.3%,1.5%,3.3%
Drive 4,R6,H7,0.5%,1.2%,1.5%,3.2%
Drive 4,R6,H8,0.6%,1.4%,1.8%,3.7%
Drive 4,R6,H9,1.0%,1.1%,1.4%,3.5%
Drive 4,R6,H12-rev,0.6%,1.1%,1.3%,3.0%
Drive 4,R6,H11,0.7%,1.2%,1.5%,3.3%
Drive 4,R6,H10-rev,0.8%,1.1%,1.5%,3.4%
Drive 4,R1,H9,0.4%,1.3%,1.7%,3.4%
Drive 4,R1A,H8,0.3%,1.1%,1.3%,2.7%
Drive 4,R1,H8,0.7%,1.2%,1.7%,3.5%
Drive 4,R1,H7,0.4%,1.2%,1.7%,3.2%
Drive 4,R1A,H7,0.3%,1.2%,1.5%,3.0%
Drive 4,R1C,H11,0.4%,1.3%,1.9%,3.6%
Drive 4,R1C,H10,0.9%,1.2%,1.7%,3.8%
Drive 4,R1C,H9,0.3%,1.2%,1.6%,3.1%
Drive 4,R1,H6,0.5%,1.2%,1.5%,3.2%
Drive 4,R1,H5,0.5%,1.3%,1.5%,3.3%
Drive 4,R1A,H6,0.6%,1.4%,1.4%,3.3%
Drive 4,R2,H9,0.3%,1.4%,1.5%,3.2%
Drive 4,R2,H8,0.6%,1.3%,1.5%,3.3%
Drive 4,R1E,H8,0.9%,1.2%,1.2%,3.3%
Drive 4,R2,H7,0.7%,1.2%,1.7%,3.6%
Drive 4,R1E,H7,0.5%,1.1%,1.6%,3.2%
Drive 4,R2,H6,0.5%,1.2%,1.5%,3.2%
Drive 4,R1E,H6,0.6%,1.1%,1.3%,3.0%
Drive 4,R2,H5,0.6%,1.4%,1.7%,3.7%
Drive 4,R1C,H8,0.4%,1.2%,1.6%,3.2%
Drive 4,R1C,H7,0.4%,1.2%,1.6%,3.3%
Drive 4,R1A,H5,0.7%,1.2%,1.7%,3.7%
Drive 4,R1C,H6,0.5%,1.2%,1.9%,3.6%
Drive 4,R1B,H2,0.5%,1.2%,1.9%,3.6%
Drive 4,R1C,H5,0.6%,1.1%,1.5%,3.1%
Drive 4,R1B,H1,0.5%,1.2%,1.3%,2.9%
Drive 4,R1A,H4,0.8%,1.1%,1.7%,3.5%
Drive 4,R1,H4-rev,0.2%,1.0%,2.0%,3.3%
Drive 4,R1A,H3,0.5%,1.2%,1.8%,3.5%
Drive 4,R1,H3,0.7%,1.1%,1.6%,3.4%
Drive 4,R1,H2,0.8%,1.3%,1.6%,3.7%
Drive 4,R1,H1,0.4%,1.2%,1.1%,2.7%
Drive 4,R1A,H2,0.6%,1.2%,1.4%,3.2%
Drive 4,R1A,H1,0.5%,1.2%,1.5%,3.2%
Drive 4,R1E,H5,0.3%,1.0%,1.4%,2.6%
Drive 4,R1D,H2,0.5%,1.1%,1.6%,3.2%
Drive 4,R1C,H4,0.2%,1.1%,1.7%,3.0%
Drive 4,R1C,H3,0.3%,1.1%,2.0%,3.4%
Drive 4,R1C,H2,0.9%,1.1%,1.7%,3.7%
Drive 4,R1C,H1,0.2%,1.2%,1.4%,2.9%
Drive 4,R1E,H2,0.5%,1.1%,1.6%,3.2%
Drive 4,R1D,H1,0.6%,1.2%,1.3%,3.1%
Drive 4,R1E,H1,0.8%,1.1%,1.2%,3.1%
Drive 4,R1E,H4,0.5%,1.2%,1.4%,3.1%
Drive 4,R1E,H3,0.4%,1.0%,1.4%,2.8%
Drive 4,R2,H4,0.5%,1.3%,1.9%,3.7%
Drive 4,R2,H3,0.7%,1.3%,1.4%,3.4%
Drive 4,R2,H2,0.6%,1.2%,1.7%,3.5%
Drive 4,R2,H1,0.4%,1.0%,1.7%,3.1%
Drive 4,R3,H6,0.8%,1.0%,1.6%,3.5%
Drive 4,R3,H5,1.0%,1.1%,1.7%,3.8%
Drive 4,R3,H4,0.5%,1.4%,1.7%,3.6%
Drive 4,R3,H3,0.9%,1.3%,1.5%,3.8%
Drive 4,R3,H2,0.3%,1.2%,1.8%,3.3%
Drive 4,R3,H1,0.4%,1.3%,1.9%,3.5%
Drive 4,R4,H6,0.5%,1.3%,1.7%,3.5%
Drive 4,R4,H5,0.6%,1.1%,1.6%,3.2%
Drive 4,R4,H4,0.2%,1.1%,1.7%,3.0%
Drive 4,R4,H1,0.1%,1.1%,1.8%,3.0%
Drive 4,R4,H3,0.8%,1.2%,1.7%,3.7%
Drive 4,R4,H2,0.4%,1.3%,1.9%,3.6%
Drive 4,R4A,H2,0.8%,1.3%,1.6%,3.6%
Drive 4,R4A,H1,0.4%,1.2%,1.7%,3.3%
Drive 4,R5,H6,1.0%,1.3%,1.4%,3.8%
Drive 4,R5,H5,0.4%,1.2%,1.8%,3.3%
Drive 4,R5,H4,0.7%,1.2%,1.9%,3.8%
Drive 4,R5,H3,0.7%,1.1%,1.6%,3.3%
Drive 4,R5,H1,0.4%,1.2%,1.3%,2.9%
Drive 4,R5,H2,0.7%,1.1%,1.9%,3.7%
Drive 4,R5A,H1,0.9%,1.0%,1.7%,3.6%
Drive 4,R5A,H2,0.6%,1.4%,1.4%,3.4%
Drive 4,R6,H6,0.5%,1.2%,1.8%,3.6%
Drive 4,R6,H5,0.6%,1.4%,1.7%,3.7%
Drive 4,R6,H4,0.6%,1.2%,1.6%,3.4%
Drive 4,R6,H3,0.6%,1.1%,1.6%,3.3%
Drive 4,R6,H2,0.3%,1.1%,1.8%,3.2%
Drive 4,R6,H1,0.9%,1.2%,1.4%,3.6%
Drive 4,R6A,H2,0.2%,1.1%,1.3%,2.6%
Drive 4,R6A,H1,0.3%,1.1%,1.8%,3.2%
Drive 4,R7,H3,0.5%,1.2%,1.8%,3.4%
Drive 4,R7,H6,0.5%,1.3%,1.4%,3.2%
Drive 4,R7,H5,0.4%,1.3%,1.4%,3.0%
Drive 4,R7,H4,0.9%,1.3%,1.8%,4.0%
Drive 4,R7,H2,0.3%,1.2%,1.5%,3.0%
Drive 4,R7,H1,0.3%,1.2%,1.4%,2.9%
Drive 4,R7A,H2,0.3%,1.1%,1.8%,3.1%
Drive 4,R7A,H1,0.4%,1.2%,1.8%,3.4%
Drive 4,R8,H6,0.4%,1.2%,1.4%,3.1%
Drive 4,R8,H5,0.5%,1.3%,1.4%,3.1%
Drive 4,R8,H4,0.6%,1.4%,1.5%,3.4%
Drive 4,R8,H3,0.5%,1.2%,1.9%,3.6%
Drive 4,R8,H2,0.6%,1.0%,1.7%,3.3%
Drive 4,R8,H1,0.5%,1.2%,1.5%,3.2%
Drive 4,R8A,H2,0.5%,1.4%,1.4%,3.3%
Drive 4,R8A,H1,0.6%,1.2%,1.5%,3.3%
Drive 4,R9,H6,0.4%,1.2%,2.0%,3.6%
Drive 4,R9,H5,0.4%,1.1%,1.8%,3.3%
Drive 4,R9,H4,0.2%,1.2%,1.6%,3.0%
Drive 4,R9,H3,0.9%,1.2%,2.0%,4.1%
Drive 4,R9,H2,0.2%,1.1%,1.3%,2.7%
Drive 4,R9,H1,0.7%,1.3%,1.6%,3.7%
Drive 4,R9A,H1,0.5%,1.4%,1.9%,3.8%
Drive 4,R9A,H2,0.5%,1.2%,1.7%,3.4%
Drive 4,R10,H6,0.5%,1.2%,2.0%,3.7%
Drive 4,R10,H5,0.7%,1.0%,1.6%,3.2%
Drive 4,R10,H4,0.4%,1.2%,1.7%,3.2%
Drive 4,R10,H3,0.6%,1.1%,1.6%,3.3%
Drive 4,R10,H2,0.5%,0.9%,1.6%,3.1%
Drive 4,R10,H1,0.6%,1.2%,2.0%,3.7%
Drive 4,R11,H7,0.4%,1.2%,1.8%,3.3%
Drive 4,R11,H6,0.5%,1.1%,1.5%,3.2%
Drive 4,R11,H5,0.7%,1.3%,1.4%,3.4%
Drive 4,R11,H4,0.5%,1.2%,1.8%,3.5%
Drive 4,R11,H3,0.7%,1.4%,1.7%,3.8%
Drive 4,R11,H2,0.4%,1.3%,1.3%,2.9%
Drive 4,R11,H1,0.3%,1.3%,1.5%,3.1%
Drive 4,R12,H7,0.1%,1.2%,1.8%,3.1%
Drive 4,R12,H6,0.2%,1.3%,1.8%,3.2%
Drive 4,R12,H5,0.2%,1.3%,1.7%,3.2%
Drive 4,R12,H4,0.6%,1.2%,1.8%,3.6%
Drive 4,R12,H3,0.4%,1.2%,1.5%,3.2%
Drive 4,R12,H2,0.5%,1.2%,1.4%,3.2%
Drive 4,R12,H1,0.3%,1.2%,1.2%,2.8%
Drive 4,R13,H3,1.0%,1.1%,1.6%,3.8%
Drive 4,R13,H7,0.1%,1.1%,1.5%,2.7%
Drive 4,R13,H6,0.4%,1.2%,1.3%,2.9%
Drive 4,R13,H5,0.6%,1.3%,1.6%,3.5%
Drive 4,R13,H4,0.5%,1.2%,1.6%,3.3%
Drive 4,R13,H2,0.8%,1.2%,1.7%,3.7%
Drive 4,R13,H1,0.9%,1.3%,1.6%,3.8%
Drive 4,L1,H1,0.8%,1.5%,1.5%,3.7%
Drive 4,L1,H2-rev,0.4%,1.3%,2.0%,3.6%
Drive 4,L1,H3-rev,0.4%,1.1%,1.4%,3.0%
Drive 4,L1,H4-rev,0.6%,1.2%,1.5%,3.3%
Drive 4,L1A,H1,0.3%,1.1%,1.6%,3.0%
Drive 4,L1A,H2-rev,0.7%,1.3%,1.4%,3.5%
Drive 4,L1A,H3-rev,1.0%,1.1%,1.6%,3.7%
Drive 4,L1C,H1-rev,0.5%,1.3%,1.6%,3.4%
Drive 4,L1C,H2-rev,0.5%,1.2%,1.6%,3.3%
Drive 4,L1C,H3-rev,0.7%,1.1%,1.7%,3.5%
Drive 4,L1C,H4-rev,0.6%,1.4%,1.5%,3.5%
Drive 4,L1E,H1-rev,0.2%,1.2%,1.9%,3.3%
Drive 4,L1E,H2-rev,0.3%,1.2%,1.2%,2.7%
Drive 4,L1E,H3-rev,0.1%,1.2%,1.5%,2.7%
Drive 4,L2,H1,0.5%,1.1%,1.8%,3.4%
Drive 4,L2,H2-rev,0.3%,1.2%,1.6%,3.2%
Drive 4,L2,H3-rev,0.4%,1.2%,1.7%,3.3%
Drive 4,L2,H4-rev,0.5%,1.3%,1.5%,3.2%
Drive 4,L1,H5,0.4%,1.3%,1.7%,3.4%
Drive 4,L1A,H4,0.1%,0.9%,1.7%,2.7%
Drive 4,L3,H1,0.4%,1.0%,1.7%,3.1%
Drive 4,L3,H2,0.9%,1.1%,1.9%,3.8%
Drive 4,L3,H3,0.7%,1.2%,1.5%,3.5%
Drive 4,L3,H4,0.5%,1.1%,1.7%,3.2%
Drive 4,L3,H5,0.5%,1.3%,1.7%,3.5%
Drive 4,L3,H6,0.4%,1.2%,1.8%,3.3%
Drive 4,L4,H1,0.9%,1.4%,1.8%,4.1%
Drive 4,L4,H2,0.9%,1.1%,1.4%,3.4%
Drive 4,L4,H3,0.5%,1.2%,1.6%,3.3%
Drive 4,L4,H4,0.4%,1.4%,1.7%,3.4%
Drive 4,L4,H5,0.6%,1.4%,1.5%,3.5%
Drive 4,L4,H6,0.6%,1.2%,1.5%,3.3%
Drive 4,L4,H7,0.5%,1.1%,1.2%,2.7%
Drive 4,L4A,H1,0.4%,1.2%,1.9%,3.5%
Drive 4,L4A,H2,0.4%,1.0%,1.7%,3.1%
Drive 4,R1,H1,0.4%,1.2%,1.8%,3.4%
Drive 4,R2,H1,0.4%,1.2%,1.7%,3.2%
Drive 4,R2,H2,0.5%,1.1%,1.4%,3.0%
Drive 4,L1A,H5,0.8%,1.1%,2.0%,3.8%
Drive 4,L1B,H1,0.5%,1.3%,1.4%,3.1%
Drive 4,L1B,H2,0.5%,1.0%,1.1%,2.6%
Drive 4,L1C,H7,0.4%,1.2%,1.5%,3.1%
Drive 4,L1C,H5,0.6%,1.2%,1.6%,3.4%
Drive 4,L1C,H6,0.6%,1.1%,1.5%,3.2%
Drive 4,L1C,H8-rev,0.5%,1.2%,1.7%,3.4%
Drive 4,L1C,H9,0.5%,1.3%,1.0%,2.9%
Drive 4,L1C,H10,0.7%,1.1%,1.9%,3.7%
Drive 4,L1A,H6-rev,0.5%,1.2%,1.7%,3.4%
Drive 4,L1A,H7,0.5%,1.2%,1.8%,3.5%
Drive 4,L1A,H8,0.3%,1.3%,1.9%,3.6%
Drive 4,L1,H6,0.5%,1.2%,1.5%,3.2%
Drive 4,L1,H7,0.6%,1.3%,1.7%,3.5%
Drive 4,L1,H8,0.3%,1.3%,1.5%,3.0%
Drive 4,L1E,H4,0.3%,1.3%,1.8%,3.4%
Drive 4,L2,H5,1.0%,1.2%,1.6%,3.8%
Drive 4,L2,H6,0.5%,1.3%,1.6%,3.4%
Drive 4,L2,H7,0.4%,1.2%,1.6%,3.2%
Drive 4,L2,H8,0.5%,1.1%,1.7%,3.3%
Drive 4,L1E,H6,0.4%,1.3%,1.7%,3.4%
Drive 4,L1E,H7,0.6%,1.3%,1.8%,3.7%
Drive 4,L1E,H8,0.7%,1.2%,1.3%,3.2%
Drive 4,L1D,H1,0.7%,1.2%,1.5%,3.3%
Drive 5,L1D,H2,0.6%,1.4%,1.9%,3.9%
Drive 5,L1E,H5,0.3%,1.2%,1.9%,3.4%
Drive 5,L5,H1,0.9%,1.2%,1.7%,3.8%
Drive 5,L5,H2,1.0%,1.3%,1.7%,3.9%
Drive 5,L5,H3,0.6%,1.2%,1.7%,3.5%
Drive 5,L5,H4,0.4%,1.2%,1.7%,3.3%
Drive 5,L5,H5,0.6%,1.1%,1.4%,3.2%
Drive 5,L5,H6,0.3%,1.3%,1.1%,2.7%
Drive 5,L5A,H1,0.7%,1.2%,1.4%,3.3%
Drive 5,L5A,H2,0.7%,1.2%,1.4%,3.3%
Drive 5,L6,H1,1.0%,1.3%,1.4%,3.7%
Drive 5,L6,H2,0.6%,1.2%,1.7%,3.5%
Drive 5,L6,H3,0.4%,1.4%,1.7%,3.5%
Drive 5,L6,H4,0.8%,1.2%,1.4%,3.4%
Drive 5,L6,H5,0.2%,1.0%,1.6%,2.8%
Drive 5,L6,H6,0.3%,1.2%,1.6%,3.1%
Drive 5,L6,H7,0.5%,1.2%,1.7%,3.4%
Drive 5,L6A,H1,0.7%,1.2%,1.5%,3.4%
Drive 5,L6A,H2,0.2%,1.2%,1.7%,3.2%
Drive 5,L7,H1,0.3%,1.2%,1.1%,2.6%
Drive 5,L7,H2,0.7%,1.1%,1.8%,3.6%
Drive 5,L7,H3,0.4%,1.2%,1.7%,3.2%
Drive 5,L7,H4,0.6%,1.3%,1.6%,3.6%
Drive 5,L7,H6,0.8%,1.3%,1.4%,3.5%
Drive 5,L7,H7,0.8%,1.2%,1.8%,3.8%
Drive 5,L7,H5,0.9%,1.3%,1.8%,4.0%
Drive 5,L7A,H1,0.7%,1.3%,1.7%,3.6%
Drive 5,L7A,H2,0.7%,1.3%,1.6%,3.6%
Drive 5,L7A,H3,0.8%,1.1%,1.9%,3.7%
Drive 5,L8,H1,0.3%,1.2%,1.6%,3.1%
Drive 5,L8,H2,0.5%,1.3%,1.3%,3.0%
Drive 5,L8,H3,0.3%,1.2%,1.7%,3.1%
Drive 5,L8,H4,0.5%,1.2%,1.7%,3.4%
Drive 5,L8,H5,0.5%,1.3%,1.7%,3.6%
Drive 5,L8,H6,0.5%,1.3%,1.7%,3.5%
Drive 5,L8,H7,0.8%,1.3%,1.6%,3.7%
Drive 5,L8A,H1,0.7%,1.2%,1.9%,3.9%
Drive 5,L8A,H2,0.5%,1.0%,1.7%,3.2%
Drive 5,L8A,H3,0.5%,1.2%,1.6%,3.3%
Drive 5,L9,H1,0.8%,1.2%,1.6%,3.6%
Drive 5,L9,H2,0.6%,1.1%,1.8%,3.5%
Drive 5,L9,H3,0.4%,1.2%,1.7%,3.3%
Drive 5,L9,H4,0.3%,1.3%,1.7%,3.3%
Drive 5,L9,H5,0.2%,1.0%,1.6%,2.8%
Drive 5,L9,H6,0.4%,1.3%,1.7%,3.4%
Drive 5,L9,H7,0.7%,1.3%,1.6%,3.6%
Drive 5,L9A,H1,0.1%,1.3%,1.2%,2.6%
Drive 5,L9A,H2,0.5%,1.2%,1.4%,3.1%
Drive 5,L9A,H3,0.6%,1.3%,1.6%,3.5%
Drive 5,L10,H1,0.5%,1.1%,1.8%,3.4%
Drive 5,L10,H2,0.4%,1.3%,1.5%,3.3%
Drive 5,L10,H3,0.5%,1.4%,1.6%,3.5%
Drive 5,L10,H4,0.7%,1.4%,1.7%,3.8%
Drive 5,L10,H5,0.5%,1.2%,1.8%,3.5%
Drive 5,L10,H6,0.5%,1.4%,1.3%,3.2%
Drive 5,L10,H7,0.3%,1.2%,1.5%,2.9%
Drive 5,L11,H1,0.6%,1.3%,1.5%,3.3%
Drive 5,L11,H2,0.5%,1.3%,1.9%,3.7%
Drive 5,L11,H3,0.7%,1.1%,1.6%,3.3%
Drive 5,L11,H6,0.6%,1.3%,1.6%,3.5%
Drive 5,L11,H4,0.8%,1.2%,1.4%,3.4%
Drive 5,L11,H7,0.5%,1.0%,1.3%,2.9%
Drive 5,L11,H8,0.3%,1.2%,1.2%,2.7%
Drive 5,L11,H5,0.4%,1.2%,1.5%,3.1%
Drive 5,L12,H1,0.6%,1.2%,1.3%,3.0%
Drive 5,L12,H2,0.4%,1.2%,1.7%,3.4%
Drive 5,L12,H3,0.7%,1.3%,2.0%,4.0%
Drive 5,L12,H4,0.6%,1.2%,1.8%,3.6%
Drive 5,L12,H5,0.5%,1.4%,1.7%,3.6%
Drive 5,L12,H6,0.6%,1.3%,1.3%,3.2%
Drive 5,L12,H7,0.5%,1.2%,2.3%,3.9%
Drive 5,L12,H8,0.5%,1.2%,1.7%,3.5%
Drive 5,L13,H1,0.6%,1.3%,1.6%,3.4%
Drive 5,L13,H2,0.6%,1.2%,1.8%,3.5%
Drive 5,L13,H3,0.1%,0.9%,1.4%,2.4%
Drive 5,L13,H4,0.6%,1.2%,1.6%,3.5%
Drive 5,L13,H5,0.5%,1.2%,1.7%,3.4%
Drive 5,L13,H6,0.2%,1.2%,1.7%,3.2%
Drive 5,L13,H7,0.2%,1.2%,1.7%,3.1%
Drive 5,L13,H8,0.3%,1.2%,1.5%,2.9%
Drive 5,P1,H3,0.7%,1.3%,1.6%,3.7%
Drive 5,P1,H2,0.5%,1.3%,1.8%,3.7%
Drive 5,P1,H1,0.4%,1.2%,1.6%,3.3%
Drive 5,P1,H21,0.6%,1.1%,1.6%,3.2%
Drive 5,P1,H12,1.1%,1.2%,1.5%,3.9%
Drive 5,COS1,H14,0.8%,1.3%,1.8%,3.9%
Drive 5,COS1,H1,0.6%,1.1%,1.2%,2.8%
Drive 5,COS1,H5,0.4%,1.1%,1.8%,3.3%
Drive 5,COS1,H4,0.4%,1.2%,1.7%,3.3%
Drive 5,COS1,H3,0.3%,1.3%,1.5%,3.2%
Drive 5,COS1,H2,0.6%,1.3%,1.8%,3.7%
Drive 5,COS1,H24,1.0%,1.2%,1.8%,4.0%
Drive 5,COS1,H25,0.5%,1.1%,1.4%,3.0%
Drive 5,COS1,H23,0.6%,1.2%,1.5%,3.3%
Drive 5,COS3,H24,0.6%,1.2%,1.8%,3.6%
Drive 5,COS3,H23,0.2%,1.1%,1.4%,2.7%
Drive 5,COS3,H22,1.0%,1.4%,1.8%,4.2%
Drive 5,COS6,H22,0.5%,1.3%,1.5%,3.4%
Drive 5,COS6,H21,0.5%,1.3%,1.4%,3.2%
Drive 5,COS6,H1,0.6%,1.4%,1.7%,3.7%
Drive 5,COS6,H2,0.7%,1.1%,1.8%,3.6%
Drive 5,COS6,H3,0.5%,1.1%,1.7%,3.4%
Drive 5,COS6,H4,0.4%,1.3%,1.6%,3.3%
Drive 5,COS6,H5,0.7%,1.2%,1.5%,3.3%
Drive 5,COS3,H5,0.5%,1.2%,1.6%,3.3%
Drive 5,COS3,H4,0.9%,1.2%,1.3%,3.4%
Drive 5,COS3,H3,1.1%,1.3%,2.1%,4.4%
Drive 5,COS3,H2,0.2%,1.0%,1.8%,3.0%
Drive 5,COS3,H1,0.7%,1.3%,1.4%,3.4%
Drive 5,P1,H15,0.7%,1.3%,1.5%,3.4%
Drive 5,COS1,H13,0.5%,1.3%,1.7%,3.5%
Drive 5,COS1,H12,0.8%,1.2%,1.2%,3.2%
Drive 5,COS1,H11,0.5%,1.1%,2.2%,3.8%
Drive 5,COS1,H10,0.5%,1.0%,1.5%,3.0%
Drive 5,P1,H14,0.2%,1.2%,1.5%,3.0%
Drive 5,P1,H16,0.5%,1.3%,1.6%,3.4%
Drive 5,P1,H13,0.6%,1.2%,1.5%,3.3%
Drive 5,P1,H11,0.4%,1.1%,1.5%,3.0%
Drive 5,P1,H17,0.4%,1.1%,1.7%,3.2%
Drive 5,P1,H18,0.5%,1.5%,1.2%,3.2%
Drive 5,P1,H19,0.5%,1.4%,1.5%,3.4%
Drive 5,P1,H9,0.3%,1.1%,1.6%,3.0%
Drive 5,P1,H8,0.0%,1.1%,1.2%,2.4%
Drive 5,P1,H10,1.1%,1.2%,1.5%,3.8%
Drive 5,P1,H7,0.3%,1.2%,1.9%,3.4%
Drive 5,P1,H6,0.4%,1.2%,1.5%,3.1%
Drive 5,P1,H5,0.8%,1.3%,1.7%,3.8%
Drive 5,P1,H4,0.6%,1.3%,1.5%,3.4%
Drive 5,P1,H20,0.4%,1.3%,1.4%,3.2%
Drive 5,COS1,H15,0.6%,1.1%,1.7%,3.4%
Drive 5,COS1,H16,0.4%,1.3%,1.6%,3.3%
Drive 5,COS1,H17,0.4%,1.3%,1.5%,3.2%
Drive 5,COS1,H18,0.6%,1.1%,1.3%,3.0%
Drive 5,COS1,H19,0.2%,1.2%,1.3%,2.7%
Drive 5,COS1,H21,0.1%,1.1%,1.3%,2.5%
Drive 5,COS1,H22,0.4%,1.1%,1.3%,2.8%
Drive 5,COS1,H9,0.6%,1.0%,1.4%,3.1%
Drive 5,COS1,H8,0.5%,1.3%,1.4%,3.1%
Drive 5,COS1,H7,1.1%,1.1%,1.5%,3.7%
Drive 5,COS1,H6,0.5%,1.3%,1.6%,3.3%
Drive 5,COS2,H2,0.4%,1.0%,2.0%,3.3%
Drive 5,COS2,H1,0.4%,1.1%,1.3%,2.9%
Drive 5,COS2,H3,0.6%,1.2%,1.3%,3.1%
Drive 5,COS3,H12,0.5%,1.1%,2.1%,3.8%
Drive 5,COS3,H11,0.5%,1.1%,1.4%,2.9%
Drive 5,COS3,H10,0.5%,1.2%,1.6%,3.2%
Drive 5,COS3,H9,0.9%,1.1%,1.3%,3.3%
Drive 5,COS3,H8,0.7%,1.1%,1.8%,3.5%
Drive 5,COS3,H7,0.7%,0.8%,1.7%,3.3%
Drive 5,COS3,H6,0.7%,1.2%,1.6%,3.5%
Drive 5,COS3,H13,0.2%,1.2%,1.7%,3.1%
Drive 5,COS3,H14,0.5%,1.2%,1.5%,3.1%
Drive 5,COS3,H15,0.2%,1.1%,1.7%,3.1%
Drive 5,COS3,H16,0.1%,1.1%,1.9%,3.1%
Drive 5,COS3,H17,0.6%,1.2%,1.6%,3.4%
Drive 5,COS3,H18,0.7%,1.3%,1.4%,3.4%
Drive 5,COS3,H19,0.4%,1.1%,1.3%,2.8%
Drive 5,COS3,H20,0.4%,1.0%,1.7%,3.1%
Drive 5,COS3,H21,0.5%,1.2%,1.9%,3.5%
Drive 5,COS4,H1,0.8%,1.1%,1.7%,3.7%
Drive 5,COS4,H2,0.5%,1.1%,1.5%,3.0%
Drive 5,COS4,H4,0.1%,1.1%,1.9%,3.0%
Drive 5,COS4,H5,0.9%,1.1%,1.6%,3.7%
Drive 5,COS5,H2,0.8%,1.2%,1.7%,3.6%
Drive 5,COS5,H1,0.9%,1.3%,1.9%,4.1%
Drive 5,COS4,H3,0.5%,1.2%,1.4%,3.1%
Drive 5,COS7,H2,0.1%,1.2%,1.5%,2.9%
Drive 5,COS7,H1,0.3%,1.2%,1.5%,3.1%
Drive 5,COS7,H3,0.2%,1.0%,1.7%,2.9%
Drive 5,COS6,H6,0.4%,1.1%,1.6%,3.1%
Drive 5,COS6,H7,0.1%,1.1%,1.5%,2.7%
Drive 5,COS6,H8,0.2%,1.1%,1.5%,2.8%
Drive 5,COS6,H9,0.6%,1.0%,1.5%,3.0%
Drive 5,COS6,H10,0.5%,1.1%,1.5%,3.0%
Drive 5,COS6,H11,0.0%,1.2%,1.6%,2.9%
Drive 5,COS6,H12,0.6%,1.2%,1.7%,3.5%
Drive 5,COS6,H13,0.5%,1.1%,1.3%,2.9%
Drive 5,COS6,H14,0.2%,1.2%,1.7%,3.1%
Drive 5,COS6,H15,0.7%,1.6%,1.5%,3.8%
Drive 5,COS6,H16,0.5%,1.2%,1.7%,3.3%
Drive 5,COS6,H17,0.7%,1.2%,2.0%,3.9%
Drive 5,COS6,H18,0.5%,1.0%,1.4%,3.0%
Drive 5,COS6,H20,0.4%,1.3%,1.6%,3.2%
Drive 5,COS6,H19,0.4%,1.1%,1.4%,3.0%
Drive 5,COS8,H1,0.8%,1.2%,1.6%,3.6%
Drive 5,COS8,H2,0.6%,1.3%,1.5%,3.5%
Drive 5,COS8,H3,0.7%,1.1%,1.5%,3.3%
Drive 5,COS9,H12,0.5%,1.2%,1.9%,3.6%
Drive 5,COS9,H11,0.5%,1.2%,1.6%,3.3%
Drive 5,COS9,H10,0.9%,1.4%,1.9%,4.2%
Drive 5,COS9,H9,0.6%,1.2%,1.6%,3.4%
Drive 5,COS9,H8,0.8%,1.1%,1.8%,3.8%
Drive 5,COS9,H7,0.4%,1.1%,1.6%,3.1%
Drive 5,COS9,H6,0.5%,1.0%,1.5%,3.0%
Drive 5,COS9,H5,0.6%,1.1%,1.5%,3.2%
Drive 5,COS9,H4,0.7%,1.1%,1.7%,3.5%
Drive 5,COS9,H3,0.9%,1.1%,1.5%,3.5%
Drive 5,COS9,H2,0.5%,1.3%,2.2%,4.0%
Drive 5,COS9,H1,0.6%,1.4%,1.7%,3.6%
Drive 5,COS9,H13,0.7%,1.3%,1.8%,3.9%
Drive 5,COS9,H14,0.3%,1.1%,1.6%,3.0%
Drive 5,COS9,H15,0.5%,1.2%,1.5%,3.3%
Drive 5,COS9,H16,0.4%,1.2%,1.4%,3.0%
Drive 5,COS9,H17,0.5%,1.2%,1.3%,3.0%
Drive 5,COS9,H18,0.7%,1.1%,1.4%,3.2%
Drive 5,COS9,H19,0.6%,1.5%,1.7%,3.9%
Drive 5,COS9,H20,0.5%,1.0%,1.5%,3.1%
Drive 5,COS9,H21,0.3%,1.2%,1.4%,2.9%
Drive 5,COS9,H22,0.6%,1.2%,1.5%,3.4%
Drive 5,COS10,H17,0.8%,1.4%,1.6%,3.8%
Drive 5,COS10,H16,0.3%,1.1%,1.8%,3.2%
Drive 5,COS10,H15,0.6%,1.2%,1.4%,3.2%
Drive 5,COS10,H14,0.6%,1.2%,1.4%,3.1%
Drive 5,COS10,H13,0.6%,1.3%,1.6%,3.5%
Drive 5,COS10,H12,0.3%,1.1%,1.9%,3.2%
Drive 5,COS10,H11,0.3%,1.2%,1.7%,3.2%
Drive 5,COS10,H10,0.7%,1.2%,1.7%,3.6%
Drive 5,COS10,H9,0.4%,1.3%,1.6%,3.3%
Drive 5,COS10,H7,0.5%,1.2%,1.2%,2.9%
Drive 5,COS10,H6,0.2%,1.2%,1.5%,2.9%
Drive 5,COS10,H5,0.5%,1.4%,1.7%,3.6%
Drive 5,COS10,H4,0.5%,1.2%,1.8%,3.5%
Drive 5,COS10,H3,0.3%,1.5%,1.4%,3.1%
Drive 5,COS10,H2,0.4%,1.3%,1.8%,3.5%
Drive 5,COS10,H1,0.5%,1.0%,1.3%,2.7%
Drive 5,COS10,H19,0.6%,1.3%,1.6%,3.5%
Drive 5,COS10,H20,0.7%,1.2%,1.3%,3.3%
Drive 5,COS10,H21,0.4%,1.1%,1.6%,3.1%
Drive 5,COS10,H22,0.6%,1.3%,1.7%,3.6%
Drive 5,COS10,H23,0.2%,1.2%,2.0%,3.3%
Drive 5,COS10,H24,0.5%,1.1%,1.9%,3.5%
Drive 5,COS10,H25,0.6%,1.2%,2.0%,3.7%
Drive 5,COS1,H20,0.3%,1.2%,1.6%,3.1%
Drive 5,P2,H14,0.4%,1.2%,1.4%,2.9%
Drive 5,P2,H13,0.3%,1.3%,1.8%,3.4%
Drive 5,P2,H12,0.7%,1.1%,1.7%,3.5%
Drive 5,P2,H11,0.8%,1.3%,1.7%,3.8%
Drive 5,P2,H10,0.4%,1.3%,1.9%,3.7%
Drive 5,P2,H9,0.7%,1.3%,1.4%,3.4%
Drive 5,P2,H8-rev,0.2%,1.1%,2.1%,3.4%
Drive 5,P2,H7,0.4%,1.3%,1.7%,3.4%
Drive 5,P2,H6,0.2%,1.2%,1.5%,2.8%
Drive 5,P2,H5,0.2%,1.1%,1.7%,3.0%
Drive 5,P2,H4,0.5%,1.1%,1.5%,3.2%
Drive 5,P2,H3-rev,0.4%,1.2%,1.6%,3.2%
Drive 5,P2,H2,0.5%,1.1%,1.8%,3.4%
Drive 5,P2,H1,0.4%,1.1%,1.7%,3.2%
Drive 5,P2A,H9,0.9%,1.2%,1.7%,3.9%
Drive 5,P2A,H8,0.3%,1.1%,1.9%,3.3%
Drive 5,P2A,H7,0.7%,1.3%,1.6%,3.7%
Drive 5,P2A,H6,0.5%,1.2%,1.6%,3.4%
Drive 5,P2A,H5,0.4%,1.3%,1.6%,3.3%
Drive 5,P2A,H2,0.6%,1.2%,1.4%,3.1%
Drive 5,P2A,H4,0.8%,1.1%,1.8%,3.8%
Drive 5,P2A,H3,0.4%,1.1%,1.7%,3.1%
Drive 5,P2A,H1,0.8%,1.2%,1.6%,3.6%
Drive 5,P3,H8,0.5%,1.2%,1.5%,3.1%
Drive 5,P3,H11,0.3%,1.3%,1.8%,3.4%
Drive 5,P3,H16,0.6%,1.1%,1.5%,3.1%
Drive 5,P3,H15,0.9%,1.2%,1.6%,3.7%
Drive 5,P3,H14,0.5%,1.1%,1.5%,3.1%
Drive 5,P3,H13,0.5%,1.1%,1.4%,3.0%
Drive 5,P3,H10,0.3%,1.4%,1.8%,3.5%
Drive 5,P3,H9,0.7%,1.4%,1.3%,3.4%
Drive 5,P3,H1,0.7%,1.0%,1.5%,3.2%
Drive 5,P3,H2,0.0%,1.2%,1.4%,2.7%
Drive 5,P3,H12,0.5%,1.1%,1.8%,3.4%
Drive 5,P3,H3,0.4%,1.1%,1.5%,2.9%
Drive 5,P3,H4,0.4%,1.4%,1.5%,3.2%
Drive 5,P3,H5,0.9%,1.2%,1.7%,3.9%
Drive 5,P3,H6,0.6%,1.1%,1.4%,3.1%
Drive 5,P3,H7,0.5%,1.3%,1.6%,3.3%
Drive 5,P4,H1,0.5%,1.2%,1.7%,3.4%
Drive 5,P4,H2,0.4%,1.2%,1.4%,3.1%
Drive 5,P4,H3,0.3%,1.3%,1.4%,2.9%
Drive 5,P4,H4,0.5%,1.3%,1.4%,3.2%
Drive 5,P4,H5,0.5%,1.1%,1.7%,3.3%
Drive 5,P4,H6,0.6%,1.1%,1.7%,3.4%
Drive 5,P4,H7,0.7%,1.2%,1.5%,3.4%
Drive 5,P4,H8,0.6%,1.1%,1.5%,3.2%
Drive 5,P4,H9,-0.2%,1.1%,1.4%,2.3%
Drive 5,P4,H10,0.5%,1.3%,1.5%,3.3%
Drive 5,P4,H16,0.7%,1.2%,1.4%,3.3%
Drive 5,P4,H15,0.4%,1.2%,1.5%,3.2%
Drive 5,P4,H14,0.4%,1.2%,1.6%,3.2%
Drive 5,P4,H13,0.6%,1.3%,1.7%,3.6%
Drive 5,P4,H12,0.8%,1.2%,1.6%,3.7%
Drive 5,P4,H11,0.3%,1.1%,1.2%,2.6%
Drive 5,P5,H12,0.3%,1.2%,1.8%,3.3%
Drive 5,P5,H16,0.3%,1.2%,1.5%,2.9%
Drive 5,P5,H15,0.4%,1.2%,1.5%,3.2%
Drive 5,P5,H14,0.8%,1.2%,1.3%,3.2%
Drive 5,P5,H13,0.5%,1.2%,1.5%,3.2%
Drive 5,P5,H10,0.6%,1.1%,1.6%,3.3%
Drive 5,P5,H9,0.9%,1.0%,1.9%,3.8%
Drive 5,P5,H8,0.4%,1.1%,1.3%,2.8%
Drive 5,P5,H7,0.5%,1.2%,1.6%,3.3%
Drive 5,P5,H11,0.4%,1.2%,1.6%,3.2%
Drive 5,P5,H1,0.5%,1.5%,1.8%,3.8%
Drive 5,P5,H2,0.6%,1.2%,1.4%,3.2%
Drive 5,P5,H3,0.6%,1.1%,1.4%,3.0%
Drive 5,P5,H3-rev,0.4%,1.3%,1.6%,3.3%
Drive 5,P5,H4,0.7%,1.2%,1.6%,3.5%
Drive 5,P5,H5,0.3%,1.0%,1.4%,2.6%
Drive 5,P5,H6,0.5%,1.1%,1.6%,3.2%
Drive 5,T1,H1,0.7%,1.4%,1.5%,3.5%
Drive 5,T1,H4,0.4%,1.4%,2.1%,3.9%
Drive 5,T1,H2,0.4%,1.4%,1.0%,2.8%
Drive 5,T1,H3,0.4%,1.3%,1.6%,3.4%
Drive 5,T1,H5,0.4%,1.2%,1.9%,3.5%
Drive 5,T1,H6,0.4%,1.2%,1.7%,3.3%
Drive 5,T1,H7,0.3%,1.2%,1.8%,3.4%
Drive 5,T1,H8,0.6%,1.2%,1.5%,3.3%
Drive 5,T1,H9,0.4%,1.3%,1.7%,3.3%
Drive 5,T1,H16,0.4%,1.3%,1.6%,3.3%
Drive 5,T1,H12,0.4%,1.1%,1.0%,2.5%
Drive 5,T1,H10,0.6%,1.3%,1.2%,3.1%
Drive 5,T1,H11,0.3%,1.1%,1.4%,2.8%
Drive 5,T1,H13,0.5%,1.1%,1.6%,3.2%
Drive 5,T1,H14,0.9%,1.2%,1.5%,3.5%
Drive 5,T1,H15,0.3%,1.3%,1.6%,3.1%
Drive 5,T2,H1,0.2%,1.2%,1.6%,3.0%
Drive 5,T2,H2,0.5%,1.2%,1.6%,3.4%
Drive 5,T2,H3,0.2%,1.2%,1.7%,3.1%
Drive 5,T2,H4,0.4%,1.3%,1.3%,3.0%
Drive 5,T2,H5,0.3%,1.3%,1.5%,3.0%
Drive 5,T2,H6,0.7%,1.2%,1.8%,3.7%
Drive 5,T2,H7,0.5%,1.4%,1.8%,3.7%
Drive 5,T2,H8,0.5%,1.3%,1.4%,3.1%
Drive 5,T2,H9,0.6%,1.1%,1.6%,3.3%
Drive 5,T2,H10,0.8%,1.1%,1.5%,3.4%
Drive 5,T2,H11,0.5%,1.3%,1.5%,3.4%
Drive 5,T2,H12,0.4%,1.4%,1.6%,3.4%
Drive 5,T2,H13,0.4%,1.3%,1.6%,3.3%
Drive 5,T2,H16,0.4%,1.3%,1.8%,3.5%
Drive 5,T2,H14,0.5%,1.1%,1.4%,3.0%
Drive 5,T2,H15,0.6%,1.3%,1.7%,3.5%
Drive 5,T3,H1,0.2%,1.1%,1.4%,2.7%
Drive 5,T3,H2,0.5%,1.2%,1.8%,3.5%
Drive 5,T3,H3,0.6%,1.2%,1.2%,3.0%
Drive 5,T3,H4,0.4%,1.1%,1.6%,3.1%
Drive 5,T3,H5,0.3%,1.2%,1.6%,3.2%
Drive 5,T3,H6,0.5%,1.2%,2.0%,3.7%
Drive 5,T3,H7,0.7%,1.0%,1.3%,3.1%
Drive 5,T3,H8,0.6%,1.3%,1.8%,3.7%
Drive 5,T3,H9,0.5%,1.3%,1.5%,3.3%
Drive 5,T3,H10,0.1%,1.2%,1.3%,2.7%
Drive 5,T3,H11,0.1%,1.0%,1.8%,2.9%
Drive 5,T3,H12,0.4%,1.2%,1.6%,3.2%
Drive 5,T3,H13,0.6%,1.3%,1.9%,3.8%
Drive 5,T3,H14,0.1%,1.3%,1.4%,2.8%
Drive 5,T3,H15,0.4%,1.2%,1.7%,3.3%
Drive 5,T3,H16,0.5%,1.2%,1.5%,3.2%
Drive 5,T4,H1,0.5%,1.0%,1.6%,3.1%
Drive 5,T4,H2,0.4%,1.3%,1.7%,3.4%
Drive 5,T4,H3,0.5%,1.2%,1.9%,3.6%
Drive 5,T4,H4,0.7%,1.1%,1.6%,3.3%
Drive 5,T4,H5,0.7%,1.1%,1.6%,3.4%
Drive 5,T4,H6,0.5%,1.1%,1.2%,2.8%
Drive 5,T4,H7,0.3%,1.2%,1.4%,2.9%
Drive 5,T4,H8,0.5%,1.2%,1.7%,3.5%
Drive 5,T4,H9,0.5%,1.3%,1.6%,3.4%
Drive 5,T4,H10,0.7%,1.3%,1.9%,3.9%
Drive 5,T4,H11,0.6%,1.2%,1.1%,2.9%
Drive 5,T4,H12,0.6%,1.2%,1.7%,3.5%
Drive 5,T4,H13,0.4%,1.0%,1.5%,3.0%
Drive 5,T4,H14,0.3%,1.0%,1.5%,2.8%
Drive 5,T4,H15,0.6%,1.1%,1.8%,3.4%
Drive 5,T4,H16,0.7%,1.2%,1.4%,3.3%
Drive 5,L1,H1,0.6%,1.1%,1.7%,3.4%
Drive 5,L1,H2,0.4%,1.1%,1.9%,3.4%
Drive 5,L1,H3,0.2%,1.1%,1.3%,2.7%
Drive 5,L1,H4,0.6%,1.2%,1.4%,3.2%
Drive 5,L1A,H1,0.2%,1.1%,1.4%,2.7%
Drive 5,L1A,H3,0.7%,1.2%,1.9%,3.8%
Drive 5,R4,H1,0.4%,1.3%,1.9%,3.7%
Drive 5,R2,H3,0.3%,1.2%,1.4%,2.9%
Drive 5,R2,H1,0.9%,1.3%,1.3%,3.5%
Drive 5,R2,H2,0.5%,1.3%,1.5%,3.3%
Drive 5,R1,H1,0.6%,1.3%,1.8%,3.7%
Drive 5,R3,H1,0.3%,1.2%,1.9%,3.3%
Drive 5,L1A,H2,0.5%,1.1%,2.1%,3.7%
Drive 5,L1B,H1,0.4%,1.2%,1.6%,3.2%
Drive 5,L1B,H2,0.5%,1.1%,1.8%,3.5%
Drive 5,L1C,H5,0.9%,1.1%,1.6%,3.6%
Drive 5,L1C,H1,0.4%,1.5%,1.5%,3.3%
Drive 5,L1C,H2,0.3%,1.2%,1.5%,3.0%
Drive 5,L1C,H4,0.4%,1.3%,1.3%,2.9%
Drive 5,L1C,H3,0.4%,1.2%,1.3%,2.8%
Drive 5,L1D,H1-rev,1.0%,1.1%,1.4%,3.6%
Drive 5,L1D,H2,0.3%,1.3%,1.8%,3.4%
Drive 5,L1E,H1-rev,0.1%,1.3%,1.6%,2.9%
Drive 5,L1E,H2,0.7%,1.1%,1.4%,3.2%
Drive 5,L1E,H3,0.5%,1.2%,1.7%,3.5%